Workbook
Name MY_FUNCTION1: LAMBDA(IF(COUNTA('5'!$F$2:$F$7)=0,"",AVERAGE('5'!$F$2:$F$7)))

Sheet 5t
A1: Hemayetpur Laboratory School and College
A2: 3rd Tutorial Examination Marksheet-2025
A3: Class: Five
A4: SN | B4: Student’s Name | C4: Subject’s Name & Marks
C5: Bangla | D5: English | E5: Math. | F5: Science | G5: B.G.S | H5: Religion | I5: Total | J5: Rank
A6: 1 | B6: SUBORNA AKTER JUI | C6: 30 | D6: 30 | E6: 21 | F6: 30 | G6: 30 | H6: 30 | I6: =SUM(C6:H6) -> 171 | J6: =RANK(I6,$I$6:$I$21) -> 2
A7: 2 | B7: JANNATUL FERDOUS | C7: 30 | D7: 30 | E7: 20 | F7: 30 | G7: 30 | H7: 30 | I7: =SUM(C7:H7) -> 170 | J7: =RANK(I7,$I$6:$I$21) -> 3
A8: 3 | B8: SHAWRIN KHAN SUROVI | C8: 29 | D8: 30 | E8: 20 | F8: 28 | G8: 30 | H8: 30 | I8: =SUM(C8:H8) -> 167 | J8: =RANK(I8,$I$6:$I$21) -> 6
A9: 4 | B9: SAMIUL HAQUE SAIM | C9: 30 | D9: 30 | E9: 25 | F9: 30 | G9: 30 | H9: 30 | I9: =SUM(C9:H9) -> 175 | J9: =RANK(I9,$I$6:$I$21) -> 1
A10: 5 | B10: BORHAN MIA | C10: 30 | D10: 28 | E10: 20 | F10: 30 | G10: 30 | H10: 30 | I10: =SUM(C10:H10) -> 168 | J10: =RANK(I10,$I$6:$I$21) -> 5
A11: 6 | B11: AZMIRA AKTER DINA | C11: 30 | D11: 28 | E11: 15 | F11: 30 | G11: 27 | H11: 30 | I11: =SUM(C11:H11) -> 160 | J11: =RANK(I11,$I$6:$I$21) -> 9
A12: 7 | B12: SHAMMI AKTER JUI | C12: 30 | D12: 26 | E12: 10 | F12: 30 | G12: 27 | H12: 30 | I12: =SUM(C12:H12) -> 153 | J12: =RANK(I12,$I$6:$I$21) -> 10
A13: 8 | B13: ROJJOB | C13: 30 | D13: 28 | E13: 20 | F13: 30 | G13: 25 | H13: 30 | I13: =SUM(C13:H13) -> 163 | J13: =RANK(I13,$I$6:$I$21) -> 8
A14: 9 | B14: SHIRHUDZZAMAN TAMIM | C14: 30 | D14: 28 | E14: 26 | F14: 30 | G14: 26 | H14: 30 | I14: =SUM(C14:H14) -> 170 | J14: =RANK(I14,$I$6:$I$21) -> 3
A15: 10 | B15: SHABBIR HOSSAN | C15: 10 | D15: 20 | E15: 15 | F15: 10 | G15: 24 | H15: 30 | I15: =SUM(C15:H15) -> 109 | J15: =RANK(I15,$I$6:$I$21) -> 16
A16: 11 | B16: FIROJ BABU | C16: 30 | D16: 24 | E16: 10 | F16: 30 | G16: 25 | H16: 30 | I16: =SUM(C16:H16) -> 149 | J16: =RANK(I16,$I$6:$I$21) -> 11
A17: 12 | B17: SAFAYET HOSSEN | C17: 22 | D17: 26 | E17: 11 | F17: 22 | G17: 25 | H17: 30 | I17: =SUM(C17:H17) -> 136 | J17: =RANK(I17,$I$6:$I$21) -> 13
... A21: 16 | B21: MOSADDIK BILLAH FAHAD | C21: 27 | D21: 20 | E21: 10 | F21: 20 | G21: 20 | H21: 25 | I21: =SUM(C21:H21) -> 122 | J21: =RANK(I21,$I$6:$I$21) -> 14

Sheet 5s
A1: Hemayetpur Laboratory School and College
A2: Annual Examination Marksheet-2025
A3: Class: Five
A4: SN | B4: Student’s Name | C4: Subject’s Name & Marks
C5: Bangla | D5: English | E5: Math. | F5: Science | G5: B.G.S | H5: Religion | I5: Total | J5: Rank
A6: 1 | B6: SUBORNA AKTER JUI | C6: 69 | D6: 70 | E6: 61 | F6: 65 | G6: 65 | H6: 70 | I6: =SUM(C6:H6) -> 400 | J6: =RANK(I6,$I$6:$I$21) -> 1 | L6: 171 | M6: 400 | N6: =SUM(L6:M6) -> 571
A7: 2 | B7: JANNATUL FERDOUS | C7: 66 | D7: 70 | E7: 61 | F7: 66 | G7: 65 | H7: 70 | I7: =SUM(C7:H7) -> 398 | J7: =RANK(I7,$I$6:$I$21) -> 2 | L7: 170 | M7: 398 | N7: =SUM(L7:M7) -> 568
A8: 3 | B8: SHAWRIN KHAN SUROVI | C8: 64 | D8: 50 | E8: 60 | F8: 59 | G8: 60 | H8: 69 | I8: =SUM(C8:H8) -> 362 | J8: =RANK(I8,$I$6:$I$21) -> 5 | L8: 167 | M8: 362 | N8: =SUM(L8:M8) -> 529
A9: 4 | B9: SAMIUL HAQUE SAIM | C9: 69 | D9: 60 | E9: 62 | F9: 67 | G9: 64 | H9: 67 | I9: =SUM(C9:H9) -> 389 | J9: =RANK(I9,$I$6:$I$21) -> 3 | L9: 175 | M9: 389 | N9: =SUM(L9:M9) -> 564
A10: 5 | B10: BORHAN MIA | C10: 63 | D10: 65 | E10: 62 | F10: 67 | G10: 58 | H10: 70 | I10: =SUM(C10:H10) -> 385 | J10: =RANK(I10,$I$6:$I$21) -> 4 | L10: 168 | M10: 385 | N10: =SUM(L10:M10) -> 553
A11: 6 | B11: AZMIRA AKTER DINA | C11: 54 | D11: 33 | E11: 45 | F11: 47 | G11: 45 | H11: 67 | I11: =SUM(C11:H11) -> 291 | J11: =RANK(I11,$I$6:$I$21) -> 7
A12: 7 | B12: SHAMMI AKTER JUI | C12: 52 | D12: 35 | E12: 33 | F12: 36 | G12: 51 | H12: 68 | I12: =SUM(C12:H12) -> 275 | J12: =RANK(I12,$I$6:$I$21) -> 8
A13: 8 | B13: ROJJOB | C13: 59 | D13: 25 | E13: 40 | F13: 50 | G13: 35 | H13: 45 | I13: =SUM(C13:H13) -> 254 | J13: =RANK(I13,$I$6:$I$21) -> 10
A14: 9 | B14: SHIRHUDZZAMAN TAMIM | C14: 61 | D14: 40 | E14: 44 | F14: 53 | G14: 50 | H14: 68 | I14: =SUM(C14:H14) -> 316 | J14: =RANK(I14,$I$6:$I$21) -> 6
A15: 10 | B15: SHABBIR HOSSAN | C15: 45 | D15: 30 | E15: 25 | F15: 25 | G15: 38 | H15: 40 | I15: =SUM(C15:H15) -> 203 | J15: =RANK(I15,$I$6:$I$21) -> 14
A16: 11 | B16: FIROJ BABU | C16: 58 | D16: 35 | E16: 40 | F16: 30 | G16: 28 | H16: 41 | I16: =SUM(C16:H16) -> 232 | J16: =RANK(I16,$I$6:$I$21) -> 11
A17: 12 | B17: SAFAYET HOSSEN | C17: 46 | D17: 25 | E17: 40 | F17: 29 | G17: 26 | H17: 62 | I17: =SUM(C17:H17) -> 228 | J17: =RANK(I17,$I$6:$I$21) -> 12
A18: 13 | B18: RIFAT HOSSEN | C18: 49 | D18: 33 | E18: 25 | F18: 38 | G18: 25 | H18: 58 | I18: =SUM(C18:H18) -> 228 | J18: =RANK(I18,$I$6:$I$21) -> 12
A19: 14 | B19: SHAWON | C19: 48 | D19: 33 | E19: 58 | F19: 51 | G19: 28 | H19: 57 | I19: =SUM(C19:H19) -> 275 | J19: =RANK(I19,$I$6:$I$21) -> 8
A20: 15 | B20: NUSRAT MAHI | C20: 40 | D20: 25 | E20: 25 | F20: 24 | G20: 24 | H20: 32 | I20: =SUM(C20:H20) -> 170 | J20: =RANK(I20,$I$6:$I$21) -> 15
A21: 16 | B21: MOSADDIK BILLAH FAHAD | I21: =SUM(C21:H21) -> 0 | J21: =RANK(I21,$I$6:$I$21) -> 16
C23: 400 | D23: 385 | E23: 389 | F23: 385
C24: 171 | D24: 170 | E24: 175 | F24: 168
C25: =SUM(C23:C24) -> 571 | D25: =SUM(D23:D24) -> 555 | E25: =SUM(E23:E24) -> 564 | F25: =SUM(F23:F24) -> 553

Sheet 5
A1: SN | B1: Student’s Name | C1: ='5s'!B6 -> SUBORNA AKTER JUI
A2: 1 | B2: Subject’s Name | C2: 3rd Tutorial Exam (30) | D2: 3rd Semester Exam (70) | E2: Total Marks | F2: Grade Letter | G2: Grade Point | H2: G.P.A
B3: Bangla | C3: ='5t'!C6 -> 30 | D3: ='5s'!C6 -> 69 | E3: =SUM(C3:D3) -> 99 | F3: =IF(E3>=80,"A+", IF(E3>=70,"A", IF(E3>=60,"A-", IF(E3>=50,"B", IF(E3>=40,"C", IF(E3>=33,"D","F")))))) -> A+ | G3: =IF(E3>=80,5, IF(E3>=70,4, IF(E3>=60,3.5, IF(E3>=50,3, IF(E3>=40,2, IF(E3>=33,1,0)))))) -> 5 | H3: =AVERAGE( VALUE(G3), VALUE(G4), VALUE(G5), VALUE(G6), VALUE(G7), VALUE(G8)) -> 5
B4: English | C4: ='5t'!D7 -> 30 | D4: ='5s'!D6 -> 70 | E4: =SUM(C4:D4) -> 100 | F4: =IF(E4>=80,"A+", IF(E4>=70,"A", IF(E4>=60,"A-", IF(E4>=50,"B", IF(E4>=40,"C", IF(E4>=33,"D","F")))))) -> A+ | G4: =IF(E4>=80,5, IF(E4>=70,4, IF(E4>=60,3.5, IF(E4>=50,3, IF(E4>=40,2, IF(E4>=33,1,0)))))) -> 5
B5: Mathematics | C5: ='5t'!E6 -> 21 | D5: ='5s'!E6 -> 61 | E5: =SUM(C5:D5) -> 82 | F5: =IF(E5>=80,"A+", IF(E5>=70,"A", IF(E5>=60,"A-", IF(E5>=50,"B", IF(E5>=40,"C", IF(E5>=33,"D","F")))))) -> A+ | G5: =IF(E5>=80,5, IF(E5>=70,4, IF(E5>=60,3.5, IF(E5>=50,3, IF(E5>=40,2, IF(E5>=33,1,0)))))) -> 5
B6: Science | C6: ='5t'!F6 -> 30 | D6: ='5s'!F6 -> 65 | E6: =SUM(C6:D6) -> 95 | F6: =IF(E6>=80,"A+", IF(E6>=70,"A", IF(E6>=60,"A-", IF(E6>=50,"B", IF(E6>=40,"C", IF(E6>=33,"D","F")))))) -> A+ | G6: =IF(E6>=80,5, IF(E6>=70,4, IF(E6>=60,3.5, IF(E6>=50,3, IF(E6>=40,2, IF(E6>=33,1,0)))))) -> 5
B7: B.G.S | C7: ='5t'!G6 -> 30 | D7: ='5s'!G6 -> 65 | E7: =SUM(C7:D7) -> 95 | F7: =IF(E7>=80,"A+", IF(E7>=70,"A", IF(E7>=60,"A-", IF(E7>=50,"B", IF(E7>=40,"C", IF(E7>=33,"D","F")))))) -> A+ | G7: =IF(E7>=80,5, IF(E7>=70,4, IF(E7>=60,3.5, IF(E7>=50,3, IF(E7>=40,2, IF(E7>=33,1,0)))))) -> 5
B8: Religion | C8: ='5t'!H6 -> 30 | D8: ='5s'!H6 -> 70 | E8: =SUM(C8:D8) -> 100 | F8: =IF(E8>=80,"A+", IF(E8>=70,"A", IF(E8>=60,"A-", IF(E8>=50,"B", IF(E8>=40,"C", IF(E8>=33,"D","F")))))) -> A+ | G8: =IF(E8>=80,5, IF(E8>=70,4, IF(E8>=60,3.5, IF(E8>=50,3, IF(E8>=40,2, IF(E8>=33,1,0)))))) -> 5
A9: SN | B9: Student’s Name | C9: ='5s'!B7 -> JANNATUL FERDOUS
A10: 2 | B10: Subject’s Name | C10: ='5'!C2 -> 3rd Tutorial Exam (30) | D10: ='5'!D2 -> 3rd Semester Exam (70) | E10: Total Marks | F10: Grade Letter | G10: Grade Point | H10: G.P.A
B11: Bangla | C11: ='5t'!C7 -> 30 | D11: ='5s'!C7 -> 66 | E11: =SUM(C11:D11) -> 96 | F11: =IF(E11>=80,"A+", IF(E11>=70,"A", IF(E11>=60,"A-", IF(E11>=50,"B", IF(E11>=40,"C", IF(E11>=33,"D","F")))))) -> A+ | G11: =IF(E11>=80,5, IF(E11>=70,4, IF(E11>=60,3.5, IF(E11>=50,3, IF(E11>=40,2, IF(E11>=33,1,0)))))) -> 5 | H11: =AVERAGE( VALUE(G11), VALUE(G12), VALUE(G13), VALUE(G14), VALUE(G15), VALUE(G16)) -> 5
B12: English | C12: ='5t'!D7 -> 30 | D12: ='5s'!D7 -> 70 | E12: =SUM(C12:D12) -> 100 | F12: =IF(E12>=80,"A+", IF(E12>=70,"A", IF(E12>=60,"A-", IF(E12>=50,"B", IF(E12>=40,"C", IF(E12>=33,"D","F")))))) -> A+ | G12: =IF(E12>=80,5, IF(E12>=70,4, IF(E12>=60,3.5, IF(E12>=50,3, IF(E12>=40,2, IF(E12>=33,1,0)))))) -> 5
B13: Mathematics | C13: ='5t'!E7 -> 20 | D13: ='5s'!E7 -> 61 | E13: =SUM(C13:D13) -> 81 | F13: =IF(E13>=80,"A+", IF(E13>=70,"A", IF(E13>=60,"A-", IF(E13>=50,"B", IF(E13>=40,"C", IF(E13>=33,"D","F")))))) -> A+ | G13: =IF(E13>=80,5, IF(E13>=70,4, IF(E13>=60,3.5, IF(E13>=50,3, IF(E13>=40,2, IF(E13>=33,1,0)))))) -> 5
B14: Science | C14: ='5t'!F7 -> 30 | D14: ='5s'!F7 -> 66 | E14: =SUM(C14:D14) -> 96 | F14: =IF(E14>=80,"A+", IF(E14>=70,"A", IF(E14>=60,"A-", IF(E14>=50,"B", IF(E14>=40,"C", IF(E14>=33,"D","F")))))) -> A+ | G14: =IF(E14>=80,5, IF(E14>=70,4, IF(E14>=60,3.5, IF(E14>=50,3, IF(E14>=40,2, IF(E14>=33,1,0)))))) -> 5
B15: B.G.S | C15: ='5t'!G7 -> 30 | D15: ='5s'!G7 -> 65 | E15: =SUM(C15:D15) -> 95 | F15: =IF(E15>=80,"A+", IF(E15>=70,"A", IF(E15>=60,"A-", IF(E15>=50,"B", IF(E15>=40,"C", IF(E15>=33,"D","F")))))) -> A+ | G15: =IF(E15>=80,5, IF(E15>=70,4, IF(E15>=60,3.5, IF(E15>=50,3, IF(E15>=40,2, IF(E15>=33,1,0)))))) -> 5
B16: Religion | C16: ='5t'!H7 -> 30 | D16: ='5s'!H7 -> 70 | E16: =SUM(C16:D16) -> 100 | F16: =IF(E16>=80,"A+", IF(E16>=70,"A", IF(E16>=60,"A-", IF(E16>=50,"B", IF(E16>=40,"C", IF(E16>=33,"D","F")))))) -> A+ | G16: =IF(E16>=80,5, IF(E16>=70,4, IF(E16>=60,3.5, IF(E16>=50,3, IF(E16>=40,2, IF(E16>=33,1,0)))))) -> 5
A17: SN | B17: Student’s Name | C17: ='5s'!B8 -> SHAWRIN KHAN SUROVI
A18: 3 | B18: Subject’s Name | C18: ='5'!C2 -> 3rd Tutorial Exam (30) | D18: ='5'!D2 -> 3rd Semester Exam (70) | E18: Total Marks | F18: Grade Letter | G18: Grade Point | H18: G.P.A
B19: Bangla | C19: ='5t'!C8 -> 29 | D19: ='5s'!C8 -> 64 | E19: =SUM(C19:D19) -> 93 | F19: =IF(E19>=80,"A+", IF(E19>=70,"A", IF(E19>=60,"A-", IF(E19>=50,"B", IF(E19>=40,"C", IF(E19>=33,"D","F")))))) -> A+ | G19: =IF(E19>=80,5, IF(E19>=70,4, IF(E19>=60,3.5, IF(E19>=50,3, IF(E19>=40,2, IF(E19>=33,1,0)))))) -> 5 | H19: =AVERAGE( VALUE(G19), VALUE(G20), VALUE(G21), VALUE(G22), VALUE(G23), VALUE(G24)) -> 5
B20: English | C20: ='5t'!D8 -> 30 | D20: ='5s'!D8 -> 50 | E20: =SUM(C20:D20) -> 80 | F20: =IF(E20>=80,"A+", IF(E20>=70,"A", IF(E20>=60,"A-", IF(E20>=50,"B", IF(E20>=40,"C", IF(E20>=33,"D","F")))))) -> A+ | G20: =IF(E20>=80,5, IF(E20>=70,4, IF(E20>=60,3.5, IF(E20>=50,3, IF(E20>=40,2, IF(E20>=33,1,0)))))) -> 5
B21: Mathematics | C21: ='5t'!E8 -> 20 | D21: ='5s'!E8 -> 60 | E21: =SUM(C21:D21) -> 80 | F21: =IF(E21>=80,"A+", IF(E21>=70,"A", IF(E21>=60,"A-", IF(E21>=50,"B", IF(E21>=40,"C", IF(E21>=33,"D","F")))))) -> A+ | G21: =IF(E21>=80,5, IF(E21>=70,4, IF(E21>=60,3.5, IF(E21>=50,3, IF(E21>=40,2, IF(E21>=33,1,0)))))) -> 5
B22: Science | C22: ='5t'!F8 -> 28 | D22: ='5s'!F8 -> 59 | E22: =SUM(C22:D22) -> 87 | F22: =IF(E22>=80,"A+", IF(E22>=70,"A", IF(E22>=60,"A-", IF(E22>=50,"B", IF(E22>=40,"C", IF(E22>=33,"D","F")))))) -> A+ | G22: =IF(E22>=80,5, IF(E22>=70,4, IF(E22>=60,3.5, IF(E22>=50,3, IF(E22>=40,2, IF(E22>=33,1,0)))))) -> 5
B23: B.G.S | C23: ='5t'!G8 -> 30 | D23: ='5s'!G8 -> 60 | E23: =SUM(C23:D23) -> 90 | F23: =IF(E23>=80,"A+", IF(E23>=70,"A", IF(E23>=60,"A-", IF(E23>=50,"B", IF(E23>=40,"C", IF(E23>=33,"D","F")))))) -> A+ | G23: =IF(E23>=80,5, IF(E23>=70,4, IF(E23>=60,3.5, IF(E23>=50,3, IF(E23>=40,2, IF(E23>=33,1,0)))))) -> 5
B24: Religion | C24: ='5t'!H8 -> 30 | D24: ='5s'!H8 -> 69 | E24: =SUM(C24:D24) -> 99 | F24: =IF(E24>=80,"A+", IF(E24>=70,"A", IF(E24>=60,"A-", IF(E24>=50,"B", IF(E24>=40,"C", IF(E24>=33,"D","F")))))) -> A+ | G24: =IF(E24>=80,5, IF(E24>=70,4, IF(E24>=60,3.5, IF(E24>=50,3, IF(E24>=40,2, IF(E24>=33,1,0)))))) -> 5
A25: SN | B25: Student’s Name | C25: ='5s'!B9 -> SAMIUL HAQUE SAIM
A26: 4 | B26: Subject’s Name | C26: ='5'!C2 -> 3rd Tutorial Exam (30) | D26: ='5'!D2 -> 3rd Semester Exam (70) | E26: Total Marks | F26: Grade Letter | G26: Grade Point | H26: G.P.A
B27: Bangla | C27: ='5t'!C9 -> 30 | D27: ='5s'!C9 -> 69 | E27: =SUM(C27:D27) -> 99 | F27: =IF(E27>=80,"A+", IF(E27>=70,"A", IF(E27>=60,"A-", IF(E27>=50,"B", IF(E27>=40,"C", IF(E27>=33,"D","F")))))) -> A+ | G27: =IF(E27>=80,5, IF(E27>=70,4, IF(E27>=60,3.5, IF(E27>=50,3, IF(E27>=40,2, IF(E27>=33,1,0)))))) -> 5 | H27: =AVERAGE( VALUE(G27), VALUE(G28), VALUE(G29), VALUE(G30), VALUE(G31), VALUE(G32)) -> 5
B28: English | C28: ='5t'!D9 -> 30 | D28: ='5s'!D9 -> 60 | E28: =SUM(C28:D28) -> 90 | F28: =IF(E28>=80,"A+", IF(E28>=70,"A", IF(E28>=60,"A-", IF(E28>=50,"B", IF(E28>=40,"C", IF(E28>=33,"D","F")))))) -> A+ | G28: =IF(E28>=80,5, IF(E28>=70,4, IF(E28>=60,3.5, IF(E28>=50,3, IF(E28>=40,2, IF(E28>=33,1,0)))))) -> 5
B29: Mathematics | C29: ='5t'!E9 -> 25 | D29: ='5s'!E9 -> 62 | E29: =SUM(C29:D29) -> 87 | F29: =IF(E29>=80,"A+", IF(E29>=70,"A", IF(E29>=60,"A-", IF(E29>=50,"B", IF(E29>=40,"C", IF(E29>=33,"D","F")))))) -> A+ | G29: =IF(E29>=80,5, IF(E29>=70,4, IF(E29>=60,3.5, IF(E29>=50,3, IF(E29>=40,2, IF(E29>=33,1,0)))))) -> 5
B30: Science | C30: ='5t'!F9 -> 30 | D30: ='5s'!F9 -> 67 | E30: =SUM(C30:D30) -> 97 | F30: =IF(E30>=80,"A+", IF(E30>=70,"A", IF(E30>=60,"A-", IF(E30>=50,"B", IF(E30>=40,"C", IF(E30>=33,"D","F")))))) -> A+ | G30: =IF(E30>=80,5, IF(E30>=70,4, IF(E30>=60,3.5, IF(E30>=50,3, IF(E30>=40,2, IF(E30>=33,1,0)))))) -> 5
B31: B.G.S | C31: ='5t'!G9 -> 30 | D31: ='5s'!G9 -> 64 | E31: =SUM(C31:D31) -> 94 | F31: =IF(E31>=80,"A+", IF(E31>=70,"A", IF(E31>=60,"A-", IF(E31>=50,"B", IF(E31>=40,"C", IF(E31>=33,"D","F")))))) -> A+ | G31: =IF(E31>=80,5, IF(E31>=70,4, IF(E31>=60,3.5, IF(E31>=50,3, IF(E31>=40,2, IF(E31>=33,1,0)))))) -> 5
B32: Religion | C32: ='5t'!H9 -> 30 | D32: ='5s'!H9 -> 67 | E32: =SUM(C32:D32) -> 97 | F32: =IF(E32>=80,"A+", IF(E32>=70,"A", IF(E32>=60,"A-", IF(E32>=50,"B", IF(E32>=40,"C", IF(E32>=33,"D","F")))))) -> A+ | G32: =IF(E32>=80,5, IF(E32>=70,4, IF(E32>=60,3.5, IF(E32>=50,3, IF(E32>=40,2, IF(E32>=33,1,0)))))) -> 5
A33: SN | B33: Student’s Name | C33: ='5s'!B10 -> BORHAN MIA
A34: 5 | B34: Subject’s Name | C34: ='5'!C2 -> 3rd Tutorial Exam (30) | D34: ='5'!D2 -> 3rd Semester Exam (70) | E34: Total Marks | F34: Grade Letter | G34: Grade Point | H34: G.P.A
B35: Bangla | C35: ='5t'!C10 -> 30 | D35: ='5s'!C10 -> 63 | E35: =SUM(C35:D35) -> 93 | F35: =IF(E35>=80,"A+", IF(E35>=70,"A", IF(E35>=60,"A-", IF(E35>=50,"B", IF(E35>=40,"C", IF(E35>=33,"D","F")))))) -> A+ | G35: =IF(E35>=80,5, IF(E35>=70,4, IF(E35>=60,3.5, IF(E35>=50,3, IF(E35>=40,2, IF(E35>=33,1,0)))))) -> 5 | H35: =AVERAGE( VALUE(G35), VALUE(G36), VALUE(G37), VALUE(G38), VALUE(G39), VALUE(G40)) -> 5
B36: English | C36: ='5t'!D10 -> 28 | D36: ='5s'!D10 -> 65 | E36: =SUM(C36:D36) -> 93 | F36: =IF(E36>=80,"A+", IF(E36>=70,"A", IF(E36>=60,"A-", IF(E36>=50,"B", IF(E36>=40,"C", IF(E36>=33,"D","F")))))) -> A+ | G36: =IF(E36>=80,5, IF(E36>=70,4, IF(E36>=60,3.5, IF(E36>=50,3, IF(E36>=40,2, IF(E36>=33,1,0)))))) -> 5
B37: Mathematics | C37: ='5t'!E10 -> 20 | D37: ='5s'!E10 -> 62 | E37: =SUM(C37:D37) -> 82 | F37: =IF(E37>=80,"A+", IF(E37>=70,"A", IF(E37>=60,"A-", IF(E37>=50,"B", IF(E37>=40,"C", IF(E37>=33,"D","F")))))) -> A+ | G37: =IF(E37>=80,5, IF(E37>=70,4, IF(E37>=60,3.5, IF(E37>=50,3, IF(E37>=40,2, IF(E37>=33,1,0)))))) -> 5
B38: Science | C38: ='5t'!F10 -> 30 | D38: ='5s'!F10 -> 67 | E38: =SUM(C38:D38) -> 97 | F38: =IF(E38>=80,"A+", IF(E38>=70,"A", IF(E38>=60,"A-", IF(E38>=50,"B", IF(E38>=40,"C", IF(E38>=33,"D","F")))))) -> A+ | G38: =IF(E38>=80,5, IF(E38>=70,4, IF(E38>=60,3.5, IF(E38>=50,3, IF(E38>=40,2, IF(E38>=33,1,0)))))) -> 5
B39: B.G.S | C39: ='5t'!G10 -> 30 | D39: ='5s'!G10 -> 58 | E39: =SUM(C39:D39) -> 88 | F39: =IF(E39>=80,"A+", IF(E39>=70,"A", IF(E39>=60,"A-", IF(E39>=50,"B", IF(E39>=40,"C", IF(E39>=33,"D","F")))))) -> A+ | G39: =IF(E39>=80,5, IF(E39>=70,4, IF(E39>=60,3.5, IF(E39>=50,3, IF(E39>=40,2, IF(E39>=33,1,0)))))) -> 5
B40: Religion | C40: ='5t'!H10 -> 30 | D40: ='5s'!H10 -> 70 | E40: =SUM(C40:D40) -> 100 | F40: =IF(E40>=80,"A+", IF(E40>=70,"A", IF(E40>=60,"A-", IF(E40>=50,"B", IF(E40>=40,"C", IF(E40>=33,"D","F")))))) -> A+ | G40: =IF(E40>=80,5, IF(E40>=70,4, IF(E40>=60,3.5, IF(E40>=50,3, IF(E40>=40,2, IF(E40>=33,1,0)))))) -> 5
A41: SN | B41: Student’s Name | C41: ='5s'!B11 -> AZMIRA AKTER DINA
A42: 6 | B42: Subject’s Name | C42: ='5'!C2 -> 3rd Tutorial Exam (30) | D42: ='5'!D2 -> 3rd Semester Exam (70) | E42: Total Marks | F42: Grade Letter | G42: Grade Point | H42: G.P.A
B43: Bangla | C43: ='5t'!C11 -> 30 | D43: ='5s'!C11 -> 54 | E43: =SUM(C43:D43) -> 84 | F43: =IF(E43>=80,"A+", IF(E43>=70,"A", IF(E43>=60,"A-", IF(E43>=50,"B", IF(E43>=40,"C", IF(E43>=33,"D","F")))))) -> A+ | G43: =IF(E43>=80,5, IF(E43>=70,4, IF(E43>=60,3.5, IF(E43>=50,3, IF(E43>=40,2, IF(E43>=33,1,0)))))) -> 5 | H43: =AVERAGE( VALUE(G43), VALUE(G44), VALUE(G45), VALUE(G46), VALUE(G47), VALUE(G48)) -> 4.1666667
B44: English | C44: ='5t'!D11 -> 28 | D44: ='5s'!D11 -> 33 | E44: =SUM(C44:D44) -> 61 | F44: =IF(E44>=80,"A+", IF(E44>=70,"A", IF(E44>=60,"A-", IF(E44>=50,"B", IF(E44>=40,"C", IF(E44>=33,"D","F")))))) -> A- | G44: =IF(E44>=80,5, IF(E44>=70,4, IF(E44>=60,3.5, IF(E44>=50,3, IF(E44>=40,2, IF(E44>=33,1,0)))))) -> 3.5
B45: Mathematics | C45: ='5t'!E11 -> 15 | D45: ='5s'!E11 -> 45 | E45: =SUM(C45:D45) -> 60 | F45: =IF(E45>=80,"A+", IF(E45>=70,"A", IF(E45>=60,"A-", IF(E45>=50,"B", IF(E45>=40,"C", IF(E45>=33,"D","F")))))) -> A- | G45: =IF(E45>=80,5, IF(E45>=70,4, IF(E45>=60,3.5, IF(E45>=50,3, IF(E45>=40,2, IF(E45>=33,1,0)))))) -> 3.5
B46: Science | C46: ='5t'!F11 -> 30 | D46: ='5s'!F11 -> 47 | E46: =SUM(C46:D46) -> 77 | F46: =IF(E46>=80,"A+", IF(E46>=70,"A", IF(E46>=60,"A-", IF(E46>=50,"B", IF(E46>=40,"C", IF(E46>=33,"D","F")))))) -> A | G46: =IF(E46>=80,5, IF(E46>=70,4, IF(E46>=60,3.5, IF(E46>=50,3, IF(E46>=40,2, IF(E46>=33,1,0)))))) -> 4
B47: B.G.S | C47: ='5t'!G11 -> 27 | D47: ='5s'!G11 -> 45 | E47: =SUM(C47:D47) -> 72 | F47: =IF(E47>=80,"A+", IF(E47>=70,"A", IF(E47>=60,"A-", IF(E47>=50,"B", IF(E47>=40,"C", IF(E47>=33,"D","F")))))) -> A | G47: =IF(E47>=80,5, IF(E47>=70,4, IF(E47>=60,3.5, IF(E47>=50,3, IF(E47>=40,2, IF(E47>=33,1,0)))))) -> 4
B48: Religion | C48: ='5t'!H11 -> 30 | D48: ='5s'!H11 -> 67 | E48: =SUM(C48:D48) -> 97 | F48: =IF(E48>=80,"A+", IF(E48>=70,"A", IF(E48>=60,"A-", IF(E48>=50,"B", IF(E48>=40,"C", IF(E48>=33,"D","F")))))) -> A+ | G48: =IF(E48>=80,5, IF(E48>=70,4, IF(E48>=60,3.5, IF(E48>=50,3, IF(E48>=40,2, IF(E48>=33,1,0)))))) -> 5
A49: SN | B49: Student’s Name | C49: ='5s'!B12 -> SHAMMI AKTER JUI
A50: 7 | B50: Subject’s Name | C50: ='5'!C2 -> 3rd Tutorial Exam (30) | D50: ='5'!D2 -> 3rd Semester Exam (70) | E50: Total Marks | F50: Grade Letter | G50: Grade Point | H50: G.P.A
B51: Bangla | C51: ='5t'!C12 -> 30 | D51: ='5s'!C12 -> 52 | E51: =SUM(C51:D51) -> 82 | F51: =IF(E51>=80,"A+", IF(E51>=70,"A", IF(E51>=60,"A-", IF(E51>=50,"B", IF(E51>=40,"C", IF(E51>=33,"D","F")))))) -> A+ | G51: =IF(E51>=80,5, IF(E51>=70,4, IF(E51>=60,3.5, IF(E51>=50,3, IF(E51>=40,2, IF(E51>=33,1,0)))))) -> 5 | H51: =AVERAGE( VALUE(G51), VALUE(G52), VALUE(G53), VALUE(G54), VALUE(G55), VALUE(G56)) -> 3.8333333
B52: English | C52: ='5t'!D12 -> 26 | D52: ='5s'!D12 -> 35 | E52: =SUM(C52:D52) -> 61 | F52: =IF(E52>=80,"A+", IF(E52>=70,"A", IF(E52>=60,"A-", IF(E52>=50,"B", IF(E52>=40,"C", IF(E52>=33,"D","F")))))) -> A- | G52: =IF(E52>=80,5, IF(E52>=70,4, IF(E52>=60,3.5, IF(E52>=50,3, IF(E52>=40,2, IF(E52>=33,1,0)))))) -> 3.5
B53: Mathematics | C53: ='5t'!E12 -> 10 | D53: ='5s'!E12 -> 33 | E53: =SUM(C53:D53) -> 43 | F53: =IF(E53>=80,"A+", IF(E53>=70,"A", IF(E53>=60,"A-", IF(E53>=50,"B", IF(E53>=40,"C", IF(E53>=33,"D","F")))))) -> C | G53: =IF(E53>=80,5, IF(E53>=70,4, IF(E53>=60,3.5, IF(E53>=50,3, IF(E53>=40,2, IF(E53>=33,1,0)))))) -> 2
B54: Science | C54: ='5t'!F12 -> 30 | D54: ='5s'!F12 -> 36 | E54: =SUM(C54:D54) -> 66 | F54: =IF(E54>=80,"A+", IF(E54>=70,"A", IF(E54>=60,"A-", IF(E54>=50,"B", IF(E54>=40,"C", IF(E54>=33,"D","F")))))) -> A- | G54: =IF(E54>=80,5, IF(E54>=70,4, IF(E54>=60,3.5, IF(E54>=50,3, IF(E54>=40,2, IF(E54>=33,1,0)))))) -> 3.5
B55: B.G.S | C55: ='5t'!G12 -> 27 | D55: ='5s'!G12 -> 51 | E55: =SUM(C55:D55) -> 78 | F55: =IF(E55>=80,"A+", IF(E55>=70,"A", IF(E55>=60,"A-", IF(E55>=50,"B", IF(E55>=40,"C", IF(E55>=33,"D","F")))))) -> A | G55: =IF(E55>=80,5, IF(E55>=70,4, IF(E55>=60,3.5, IF(E55>=50,3, IF(E55>=40,2, IF(E55>=33,1,0)))))) -> 4
B56: Religion | C56: ='5t'!H12 -> 30 | D56: ='5s'!H12 -> 68 | E56: =SUM(C56:D56) -> 98 | F56: =IF(E56>=80,"A+", IF(E56>=70,"A", IF(E56>=60,"A-", IF(E56>=50,"B", IF(E56>=40,"C", IF(E56>=33,"D","F")))))) -> A+ | G56: =IF(E56>=80,5, IF(E56>=70,4, IF(E56>=60,3.5, IF(E56>=50,3, IF(E56>=40,2, IF(E56>=33,1,0)))))) -> 5
A57: SN | B57: Student’s Name | C57: ='5s'!B13 -> ROJJOB
A58: 8 | B58: Subject’s Name | C58: ='5'!C2 -> 3rd Tutorial Exam (30) | D58: ='5'!D2 -> 3rd Semester Exam (70) | E58: Total Marks | F58: Grade Letter | G58: Grade Point | H58: G.P.A
B59: Bangla | C59: ='5t'!C13 -> 30 | D59: ='5s'!C13 -> 59 | E59: =SUM(C59:D59) -> 89 | F59: =IF(E59>=80,"A+", IF(E59>=70,"A", IF(E59>=60,"A-", IF(E59>=50,"B", IF(E59>=40,"C", IF(E59>=33,"D","F")))))) -> A+ | G59: =IF(E59>=80,5, IF(E59>=70,4, IF(E59>=60,3.5, IF(E59>=50,3, IF(E59>=40,2, IF(E59>=33,1,0)))))) -> 5 | H59: =AVERAGE( VALUE(G59), VALUE(G60), VALUE(G61), VALUE(G62), VALUE(G63), VALUE(G64)) -> 4
B60: English | C60: ='5t'!D13 -> 28 | D60: ='5s'!D13 -> 25 | E60: =SUM(C60:D60) -> 53 | F60: =IF(E60>=80,"A+", IF(E60>=70,"A", IF(E60>=60,"A-", IF(E60>=50,"B", IF(E60>=40,"C", IF(E60>=33,"D","F")))))) -> B | G60: =IF(E60>=80,5, IF(E60>=70,4, IF(E60>=60,3.5, IF(E60>=50,3, IF(E60>=40,2, IF(E60>=33,1,0)))))) -> 3
B61: Mathematics | C61: ='5t'!E13 -> 20 | D61: ='5s'!E13 -> 40 | E61: =SUM(C61:D61) -> 60 | F61: =IF(E61>=80,"A+", IF(E61>=70,"A", IF(E61>=60,"A-", IF(E61>=50,"B", IF(E61>=40,"C", IF(E61>=33,"D","F")))))) -> A- | G61: =IF(E61>=80,5, IF(E61>=70,4, IF(E61>=60,3.5, IF(E61>=50,3, IF(E61>=40,2, IF(E61>=33,1,0)))))) -> 3.5
B62: Science | C62: ='5t'!F13 -> 30 | D62: ='5s'!F13 -> 50 | E62: =SUM(C62:D62) -> 80 | F62: =IF(E62>=80,"A+", IF(E62>=70,"A", IF(E62>=60,"A-", IF(E62>=50,"B", IF(E62>=40,"C", IF(E62>=33,"D","F")))))) -> A+ | G62: =IF(E62>=80,5, IF(E62>=70,4, IF(E62>=60,3.5, IF(E62>=50,3, IF(E62>=40,2, IF(E62>=33,1,0)))))) -> 5
B63: B.G.S | C63: ='5t'!G13 -> 25 | D63: ='5s'!G13 -> 35 | E63: =SUM(C63:D63) -> 60 | F63: =IF(E63>=80,"A+", IF(E63>=70,"A", IF(E63>=60,"A-", IF(E63>=50,"B", IF(E63>=40,"C", IF(E63>=33,"D","F")))))) -> A- | G63: =IF(E63>=80,5, IF(E63>=70,4, IF(E63>=60,3.5, IF(E63>=50,3, IF(E63>=40,2, IF(E63>=33,1,0)))))) -> 3.5
B64: Religion | C64: ='5t'!H13 -> 30 | D64: ='5s'!H13 -> 45 | E64: =SUM(C64:D64) -> 75 | F64: =IF(E64>=80,"A+", IF(E64>=70,"A", IF(E64>=60,"A-", IF(E64>=50,"B", IF(E64>=40,"C", IF(E64>=33,"D","F")))))) -> A | G64: =IF(E64>=80,5, IF(E64>=70,4, IF(E64>=60,3.5, IF(E64>=50,3, IF(E64>=40,2, IF(E64>=33,1,0)))))) -> 4
A65: SN | B65: Student’s Name | C65: ='5s'!B14 -> SHIRHUDZZAMAN TAMIM
A66: 9 | B66: Subject’s Name | C66: ='5'!C2 -> 3rd Tutorial Exam (30) | D66: ='5'!D2 -> 3rd Semester Exam (70) | E66: Total Marks | F66: Grade Letter | G66: Grade Point | H66: G.P.A
B67: Bangla | C67: ='5t'!C14 -> 30 | D67: ='5s'!C14 -> 61 | E67: =SUM(C67:D67) -> 91 | F67: =IF(E67>=80,"A+", IF(E67>=70,"A", IF(E67>=60,"A-", IF(E67>=50,"B", IF(E67>=40,"C", IF(E67>=33,"D","F")))))) -> A+ | G67: =IF(E67>=80,5, IF(E67>=70,4, IF(E67>=60,3.5, IF(E67>=50,3, IF(E67>=40,2, IF(E67>=33,1,0)))))) -> 5 | H67: =AVERAGE( VALUE(G67), VALUE(G68), VALUE(G69), VALUE(G70), VALUE(G71), VALUE(G72)) -> 4.4166667
B68: English | C68: ='5t'!D14 -> 28 | D68: ='5s'!D14 -> 40 | E68: =SUM(C68:D68) -> 68 | F68: =IF(E68>=80,"A+", IF(E68>=70,"A", IF(E68>=60,"A-", IF(E68>=50,"B", IF(E68>=40,"C", IF(E68>=33,"D","F")))))) -> A- | G68: =IF(E68>=80,5, IF(E68>=70,4, IF(E68>=60,3.5, IF(E68>=50,3, IF(E68>=40,2, IF(E68>=33,1,0)))))) -> 3.5
B69: Mathematics | C69: ='5t'!E14 -> 26 | D69: ='5s'!E14 -> 44 | E69: =SUM(C69:D69) -> 70 | F69: =IF(E69>=80,"A+", IF(E69>=70,"A", IF(E69>=60,"A-", IF(E69>=50,"B", IF(E69>=40,"C", IF(E69>=33,"D","F")))))) -> A | G69: =IF(E69>=80,5, IF(E69>=70,4, IF(E69>=60,3.5, IF(E69>=50,3, IF(E69>=40,2, IF(E69>=33,1,0)))))) -> 4
B70: Science | C70: ='5t'!F14 -> 30 | D70: ='5s'!F14 -> 53 | E70: =SUM(C70:D70) -> 83 | F70: =IF(E70>=80,"A+", IF(E70>=70,"A", IF(E70>=60,"A-", IF(E70>=50,"B", IF(E70>=40,"C", IF(E70>=33,"D","F")))))) -> A+ | G70: =IF(E70>=80,5, IF(E70>=70,4, IF(E70>=60,3.5, IF(E70>=50,3, IF(E70>=40,2, IF(E70>=33,1,0)))))) -> 5
B71: B.G.S | C71: ='5t'!G14 -> 26 | D71: ='5s'!G14 -> 50 | E71: =SUM(C71:D71) -> 76 | F71: =IF(E71>=80,"A+", IF(E71>=70,"A", IF(E71>=60,"A-", IF(E71>=50,"B", IF(E71>=40,"C", IF(E71>=33,"D","F")))))) -> A | G71: =IF(E71>=80,5, IF(E71>=70,4, IF(E71>=60,3.5, IF(E71>=50,3, IF(E71>=40,2, IF(E71>=33,1,0)))))) -> 4
B72: Religion | C72: ='5t'!H14 -> 30 | D72: ='5s'!H14 -> 68 | E72: =SUM(C72:D72) -> 98 | F72: =IF(E72>=80,"A+", IF(E72>=70,"A", IF(E72>=60,"A-", IF(E72>=50,"B", IF(E72>=40,"C", IF(E72>=33,"D","F")))))) -> A+ | G72: =IF(E72>=80,5, IF(E72>=70,4, IF(E72>=60,3.5, IF(E72>=50,3, IF(E72>=40,2, IF(E72>=33,1,0)))))) -> 5
A73: SN | B73: Student’s Name | C73: ='5s'!B15 -> SHABBIR HOSSAN
A74: 10 | B74: Subject’s Name | C74: ='5'!C2 -> 3rd Tutorial Exam (30) | D74: ='5'!D2 -> 3rd Semester Exam (70) | E74: Total Marks | F74: Grade Letter | G74: Grade Point | H74: G.P.A
B75: Bangla | C75: ='5t'!C15 -> 10 | D75: ='5s'!C15 -> 45 | E75: =SUM(C75:D75) -> 55 | F75: =IF(E75>=80,"A+", IF(E75>=70,"A", IF(E75>=60,"A-", IF(E75>=50,"B", IF(E75>=40,"C", IF(E75>=33,"D","F")))))) -> B | G75: =IF(E75>=80,5, IF(E75>=70,4, IF(E75>=60,3.5, IF(E75>=50,3, IF(E75>=40,2, IF(E75>=33,1,0)))))) -> 3 | H75: =AVERAGE( VALUE(G75), VALUE(G76), VALUE(G77), VALUE(G78), VALUE(G79), VALUE(G80)) -> 2.75
B76: English | C76: ='5t'!D15 -> 20 | D76: ='5s'!D15 -> 30 | E76: =SUM(C76:D76) -> 50 | F76: =IF(E76>=80,"A+", IF(E76>=70,"A", IF(E76>=60,"A-", IF(E76>=50,"B", IF(E76>=40,"C", IF(E76>=33,"D","F")))))) -> B | G76: =IF(E76>=80,5, IF(E76>=70,4, IF(E76>=60,3.5, IF(E76>=50,3, IF(E76>=40,2, IF(E76>=33,1,0)))))) -> 3
B77: Mathematics | C77: ='5t'!E15 -> 15 | D77: ='5s'!E15 -> 25 | E77: =SUM(C77:D77) -> 40 | F77: =IF(E77>=80,"A+", IF(E77>=70,"A", IF(E77>=60,"A-", IF(E77>=50,"B", IF(E77>=40,"C", IF(E77>=33,"D","F")))))) -> C | G77: =IF(E77>=80,5, IF(E77>=70,4, IF(E77>=60,3.5, IF(E77>=50,3, IF(E77>=40,2, IF(E77>=33,1,0)))))) -> 2
B78: Science | C78: ='5t'!F15 -> 10 | D78: ='5s'!F15 -> 25 | E78: =SUM(C78:D78) -> 35 | F78: =IF(E78>=80,"A+", IF(E78>=70,"A", IF(E78>=60,"A-", IF(E78>=50,"B", IF(E78>=40,"C", IF(E78>=33,"D","F")))))) -> D | G78: =IF(E78>=80,5, IF(E78>=70,4, IF(E78>=60,3.5, IF(E78>=50,3, IF(E78>=40,2, IF(E78>=33,1,0)))))) -> 1
B79: B.G.S | C79: ='5t'!G15 -> 24 | D79: ='5s'!G15 -> 38 | E79: =SUM(C79:D79) -> 62 | F79: =IF(E79>=80,"A+", IF(E79>=70,"A", IF(E79>=60,"A-", IF(E79>=50,"B", IF(E79>=40,"C", IF(E79>=33,"D","F")))))) -> A- | G79: =IF(E79>=80,5, IF(E79>=70,4, IF(E79>=60,3.5, IF(E79>=50,3, IF(E79>=40,2, IF(E79>=33,1,0)))))) -> 3.5
B80: Religion | C80: ='5t'!H15 -> 30 | D80: ='5s'!H15 -> 40 | E80: =SUM(C80:D80) -> 70 | F80: =IF(E80>=80,"A+", IF(E80>=70,"A", IF(E80>=60,"A-", IF(E80>=50,"B", IF(E80>=40,"C", IF(E80>=33,"D","F")))))) -> A | G80: =IF(E80>=80,5, IF(E80>=70,4, IF(E80>=60,3.5, IF(E80>=50,3, IF(E80>=40,2, IF(E80>=33,1,0)))))) -> 4
A81: SN | B81: Student’s Name | C81: ='5s'!B16 -> FIROJ BABU
A82: 11 | B82: Subject’s Name | C82: ='5'!C2 -> 3rd Tutorial Exam (30) | D82: ='5'!D2 -> 3rd Semester Exam (70) | E82: Total Marks | F82: Grade Letter | G82: Grade Point | H82: G.P.A
B83: Bangla | C83: ='5t'!C16 -> 30 | D83: ='5s'!C16 -> 58 | E83: =SUM(C83:D83) -> 88 | F83: =IF(E83>=80,"A+", IF(E83>=70,"A", IF(E83>=60,"A-", IF(E83>=50,"B", IF(E83>=40,"C", IF(E83>=33,"D","F")))))) -> A+ | G83: =IF(E83>=80,5, IF(E83>=70,4, IF(E83>=60,3.5, IF(E83>=50,3, IF(E83>=40,2, IF(E83>=33,1,0)))))) -> 5 | H83: =AVERAGE( VALUE(G83), VALUE(G84), VALUE(G85), VALUE(G86), VALUE(G87), VALUE(G88)) -> 3.5833333
B84: English | C84: ='5t'!D16 -> 24 | D84: ='5s'!D16 -> 35 | E84: =SUM(C84:D84) -> 59 | F84: =IF(E84>=80,"A+", IF(E84>=70,"A", IF(E84>=60,"A-", IF(E84>=50,"B", IF(E84>=40,"C", IF(E84>=33,"D","F")))))) -> B | G84: =IF(E84>=80,5, IF(E84>=70,4, IF(E84>=60,3.5, IF(E84>=50,3, IF(E84>=40,2, IF(E84>=33,1,0)))))) -> 3
B85: Mathematics | C85: ='5t'!E16 -> 10 | D85: ='5s'!E16 -> 40 | E85: =SUM(C85:D85) -> 50 | F85: =IF(E85>=80,"A+", IF(E85>=70,"A", IF(E85>=60,"A-", IF(E85>=50,"B", IF(E85>=40,"C", IF(E85>=33,"D","F")))))) -> B | G85: =IF(E85>=80,5, IF(E85>=70,4, IF(E85>=60,3.5, IF(E85>=50,3, IF(E85>=40,2, IF(E85>=33,1,0)))))) -> 3
B86: Science | C86: ='5t'!F16 -> 30 | D86: ='5s'!F16 -> 30 | E86: =SUM(C86:D86) -> 60 | F86: =IF(E86>=80,"A+", IF(E86>=70,"A", IF(E86>=60,"A-", IF(E86>=50,"B", IF(E86>=40,"C", IF(E86>=33,"D","F")))))) -> A- | G86: =IF(E86>=80,5, IF(E86>=70,4, IF(E86>=60,3.5, IF(E86>=50,3, IF(E86>=40,2, IF(E86>=33,1,0)))))) -> 3.5
B87: B.G.S | C87: ='5t'!G16 -> 25 | D87: ='5s'!G16 -> 28 | E87: =SUM(C87:D87) -> 53 | F87: =IF(E87>=80,"A+", IF(E87>=70,"A", IF(E87>=60,"A-", IF(E87>=50,"B", IF(E87>=40,"C", IF(E87>=33,"D","F")))))) -> B | G87: =IF(E87>=80,5, IF(E87>=70,4, IF(E87>=60,3.5, IF(E87>=50,3, IF(E87>=40,2, IF(E87>=33,1,0)))))) -> 3
B88: Religion | C88: ='5t'!H16 -> 30 | D88: ='5s'!H16 -> 41 | E88: =SUM(C88:D88) -> 71 | F88: =IF(E88>=80,"A+", IF(E88>=70,"A", IF(E88>=60,"A-", IF(E88>=50,"B", IF(E88>=40,"C", IF(E88>=33,"D","F")))))) -> A | G88: =IF(E88>=80,5, IF(E88>=70,4, IF(E88>=60,3.5, IF(E88>=50,3, IF(E88>=40,2, IF(E88>=33,1,0)))))) -> 4
A89: SN | B89: Student’s Name | C89: ='5s'!B17 -> SAFAYET HOSSEN
A90: 12 | B90: Subject’s Name | C90: ='5'!C2 -> 3rd Tutorial Exam (30) | D90: ='5'!D2 -> 3rd Semester Exam (70) | E90: Total Marks | F90: Grade Letter | G90: Grade Point | H90: G.P.A
B91: Bangla | C91: ='5t'!C17 -> 22 | D91: ='5s'!C17 -> 46 | E91: =SUM(C91:D91) -> 68 | F91: =IF(E91>=80,"A+", IF(E91>=70,"A", IF(E91>=60,"A-", IF(E91>=50,"B", IF(E91>=40,"C", IF(E91>=33,"D","F")))))) -> A- | G91: =IF(E91>=80,5, IF(E91>=70,4, IF(E91>=60,3.5, IF(E91>=50,3, IF(E91>=40,2, IF(E91>=33,1,0)))))) -> 3.5 | H91: =AVERAGE( VALUE(G91), VALUE(G92), VALUE(G93), VALUE(G94), VALUE(G95), VALUE(G96)) -> 3.4166667
B92: English | C92: ='5t'!D17 -> 26 | D92: ='5s'!D17 -> 25 | E92: =SUM(C92:D92) -> 51 | F92: =IF(E92>=80,"A+", IF(E92>=70,"A", IF(E92>=60,"A-", IF(E92>=50,"B", IF(E92>=40,"C", IF(E92>=33,"D","F")))))) -> B | G92: =IF(E92>=80,5, IF(E92>=70,4, IF(E92>=60,3.5, IF(E92>=50,3, IF(E92>=40,2, IF(E92>=33,1,0)))))) -> 3
B93: Mathematics | C93: ='5t'!E17 -> 11 | D93: ='5s'!E17 -> 40 | E93: =SUM(C93:D93) -> 51 | F93: =IF(E93>=80,"A+", IF(E93>=70,"A", IF(E93>=60,"A-", IF(E93>=50,"B", IF(E93>=40,"C", IF(E93>=33,"D","F")))))) -> B | G93: =IF(E93>=80,5, IF(E93>=70,4, IF(E93>=60,3.5, IF(E93>=50,3, IF(E93>=40,2, IF(E93>=33,1,0)))))) -> 3
B94: Science | C94: ='5t'!F17 -> 22 | D94: ='5s'!F17 -> 29 | E94: =SUM(C94:D94) -> 51 | F94: =IF(E94>=80,"A+", IF(E94>=70,"A", IF(E94>=60,"A-", IF(E94>=50,"B", IF(E94>=40,"C", IF(E94>=33,"D","F")))))) -> B | G94: =IF(E94>=80,5, IF(E94>=70,4, IF(E94>=60,3.5, IF(E94>=50,3, IF(E94>=40,2, IF(E94>=33,1,0)))))) -> 3
B95: B.G.S | C95: ='5t'!G17 -> 25 | D95: ='5s'!G17 -> 26 | E95: =SUM(C95:D95) -> 51 | F95: =IF(E95>=80,"A+", IF(E95>=70,"A", IF(E95>=60,"A-", IF(E95>=50,"B", IF(E95>=40,"C", IF(E95>=33,"D","F")))))) -> B | G95: =IF(E95>=80,5, IF(E95>=70,4, IF(E95>=60,3.5, IF(E95>=50,3, IF(E95>=40,2, IF(E95>=33,1,0)))))) -> 3
B96: Religion | C96: ='5t'!H17 -> 30 | D96: ='5s'!H17 -> 62 | E96: =SUM(C96:D96) -> 92 | F96: =IF(E96>=80,"A+", IF(E96>=70,"A", IF(E96>=60,"A-", IF(E96>=50,"B", IF(E96>=40,"C", IF(E96>=33,"D","F")))))) -> A+ | G96: =IF(E96>=80,5, IF(E96>=70,4, IF(E96>=60,3.5, IF(E96>=50,3, IF(E96>=40,2, IF(E96>=33,1,0)))))) -> 5
A97: SN | B97: Student’s Name | C97: ='5s'!B18 -> RIFAT HOSSEN
A98: 13 | B98: Subject’s Name | C98: ='5'!C2 -> 3rd Tutorial Exam (30) | D98: ='5'!D2 -> 3rd Semester Exam (70) | E98: Total Marks | F98: Grade Letter | G98: Grade Point | H98: G.P.A
B99: Bangla | C99: ='5t'!C18 -> 30 | D99: ='5s'!C18 -> 49 | E99: =SUM(C99:D99) -> 79 | F99: =IF(E99>=80,"A+", IF(E99>=70,"A", IF(E99>=60,"A-", IF(E99>=50,"B", IF(E99>=40,"C", IF(E99>=33,"D","F")))))) -> A | G99: =IF(E99>=80,5, IF(E99>=70,4, IF(E99>=60,3.5, IF(E99>=50,3, IF(E99>=40,2, IF(E99>=33,1,0)))))) -> 4 | H99: =AVERAGE( VALUE(G99), VALUE(G100), VALUE(G101), VALUE(G102), VALUE(G103), VALUE(G104)) -> 3.25
B100: English | C100: ='5t'!D18 -> 18 | D100: ='5s'!D18 -> 33 | E100: =SUM(C100:D100) -> 51 | F100: =IF(E100>=80,"A+", IF(E100>=70,"A", IF(E100>=60,"A-", IF(E100>=50,"B", IF(E100>=40,"C", IF(E100>=33,"D","F")))))) -> B | G100: =IF(E100>=80,5, IF(E100>=70,4, IF(E100>=60,3.5, IF(E100>=50,3, IF(E100>=40,2, IF(E100>=33,1,0)))))) -> 3
...

Sheet 5r
A1: Hemayetpur Laboratory School and College
A2: Annual Examination Results-2025
A3: Class: Five
A4: SN | B4: Student’s Name | C4: Rank
C5: G.P.A | D5: Rank
A6: 1 | B6: SUBORNA AKTER JUI | C6: ='5'!H3 -> 5 | D6: =RANK(C6,$C$6:$C$21) -> 1
A7: 2 | B7: JANNATUL FERDOUS | C7: ='5'!H11 -> 5 | D7: =RANK(C7,$C$6:$C$21) -> 1
A8: 3 | B8: SHAWRIN KHAN SUROVI | C8: ='5'!H19 -> 5 | D8: =RANK(C8,$C$6:$C$21) -> 1
A9: 4 | B9: SAMIUL HAQUE SAIM | C9: ='5'!H27 -> 5 | D9: =RANK(C9,$C$6:$C$21) -> 1
A10: 5 | B10: BORHAN MIA | C10: ='5'!H35 -> 5 | D10: =RANK(C10,$C$6:$C$21) -> 1
A11: 6 | B11: AZMIRA AKTER DINA | C11: ='5'!H43 -> 4.1666667 | D11: =RANK(C11,$C$6:$C$21) -> 7
A12: 7 | B12: SHAMMI AKTER JUI | C12: ='5'!H51 -> 3.8333333 | D12: =RANK(C12,$C$6:$C$21) -> 10
A13: 8 | B13: ROJJOB | C13: ='5'!H59 -> 4 | D13: =RANK(C13,$C$6:$C$21) -> 9
A14: 9 | B14: SHIRHUDZZAMAN TAMIM | C14: ='5'!H67 -> 4.4166667 | D14: =RANK(C14,$C$6:$C$21) -> 6
A15: 10 | B15: SHABBIR HOSSAN | C15: ='5'!H75 -> 2.75 | D15: =RANK(C15,$C$6:$C$21) -> 14
A16: 11 | B16: FIROJ BABU | C16: ='5'!H83 -> 3.5833333 | D16: =RANK(C16,$C$6:$C$21) -> 11
A17: 12 | B17: SAFAYET HOSSEN | C17: ='5'!H91 -> 3.4166667 | D17: =RANK(C17,$C$6:$C$21) -> 12
A18: 13 | B18: RIFAT HOSSEN | C18: ='5'!H99 -> 3.25 | D18: =RANK(C18,$C$6:$C$21) -> 13
A19: 14 | B19: SHAWON | C19: ='5'!H107 -> 4.0833333 | D19: =RANK(C19,$C$6:$C$21) -> 8
A20: 15 | B20: NUSRAT MAHI | C20: ='5'!H115 -> 2.0833333 | D20: =RANK(C20,$C$6:$C$21) -> 15
A21: 16 | B21: MOSADDIK BILLAH FAHAD | C21: ='5'!H123 -> 0 | D21: =RANK(C21,$C$6:$C$21) -> 16

Sheet 6t
A1: Hemayetpur Laboratory School and College
A2: 3rd Tutorial Examination Marksheet-2025
A3: Class: Six
A4: SN | B4: Student’s Name | C4: Subject’s Name & Marks
C5: Bangla-1 | D5: Bangla-2 | E5: English -1 | F5: English -2 | G5: Math. | H5: Science | I5: B.G.S | J5: Agri. | K5: Religion | L5: ICT | M5: Total | N5: Rank
A6: 1 | B6: RIYA MONI | C6: 25 | E6: 19 | G6: 24 | H6: 30 | I6: 23 | J6: 26 | K6: 30 | L6: 13 | M6: =SUM(C6:L6) -> 190 | N6: =RANK(M6,$M$6:$M$12) -> 1
A7: 2 | B7: JENIYA AKTER | C7: 20 | E7: 13 | G7: 18 | H7: 26 | I7: 19 | J7: 24 | K7: 26 | L7: 12 | M7: =SUM(C7:K7) -> 146 | N7: =RANK(M7,$M$6:$M$12) -> 2
A8: 3 | B8: FATEMA AKTER | C8: 10 | E8: 10 | H8: 10 | J8: 22 | K8: 16 | L8: 8 | M8: =SUM(C8:L8) -> 76 | N8: =RANK(M8,$M$6:$M$12) -> 3
A9: 4 | B9: USAMA | C9: 10 | E9: 10 | G9: 10 | H9: 10 | I9: 10 | J9: 15 | K9: 10 | L9: 8 | M9: =SUM(C9:K9) -> 75 | N9: =RANK(M9,$M$6:$M$12) -> 4
A10: 5 | B10: SHAHABIR | C10: 10 | E10: 10 | G10: 10 | H10: 10 | I10: 10 | K10: 10 | L10: 9 | M10: =SUM(C10:K10) -> 60 | N10: =RANK(M10,$M$6:$M$12) -> 5
A11: 6 | B11: MIM AKTER SHATHI | E11: 10 | I11: 10 | K11: 10 | L11: 8 | M11: =SUM(C11:K11) -> 30 | N11: =RANK(M11,$M$6:$M$12) -> 6
A12: 7 | B12: ETI PRIYA | E12: 10 | I12: 10 | K12: 10 | L12: 8 | M12: =SUM(C12:K12) -> 30 | N12: =RANK(M12,$M$6:$M$12) -> 6

Sheet 6s
A1: Hemayetpur Laboratory School and College
A2: Annual Examination Marksheet-2025
A3: Class: Six
A4: SN | B4: Student’s Name | C4: Subject’s Name & Marks
C5: Bangla-1 | D5: Bangla-2 | E5: English -1 | F5: English -2 | G5: Math. | H5: Science | I5: B.G.S | J5: Agri. | K5: Religion | L5: ICT | M5: Total | N5: Rank
A6: 1 | B6: RIYA MONI | C6: 55 | D6: 45 | E6: 64 | F6: 48 | G6: 55 | H6: 54 | I6: 63 | J6: 50 | K6: 70 | L6: 13 | M6: =SUM(C6:L6) -> 517 | N6: =RANK(M6,$M$6:$M$12) -> 1
A7: 2 | B7: JENIYA AKTER | C7: 32 | D7: 44 | E7: 40 | F7: 25 | G7: 34 | H7: 38 | I7: 53 | J7: 26 | K7: 62 | L7: 12 | M7: =SUM(C7:L7) -> 366 | N7: =RANK(M7,$M$6:$M$12) -> 2
A8: 3 | B8: FATEMA AKTER | C8: 25 | D8: 16 | E8: 25 | F8: 25 | H8: 33 | I8: 40 | J8: 25 | K8: 26 | M8: =SUM(C8:L8) -> 215 | N8: =RANK(M8,$M$6:$M$12) -> 5
A9: 4 | B9: USAMA | C9: 24 | D9: 16 | E9: 20 | F9: 20 | G9: 24 | H9: 24 | I9: 33 | J9: 24 | K9: 47 | L9: 8 | M9: =SUM(C9:L9) -> 240 | N9: =RANK(M9,$M$6:$M$12) -> 3
A10: 5 | B10: SHAHABIR | C10: 24 | D10: 16 | E10: 25 | F10: 22 | G10: 24 | H10: 26 | I10: 30 | J10: 24 | K10: 29 | L10: 9 | M10: =SUM(C10:L10) -> 229 | N10: =RANK(M10,$M$6:$M$12) -> 4
A11: 6 | B11: MIM AKTER SHATHI | C11: 24 | D11: 16 | K11: 25 | L11: 8 | M11: =SUM(C11:L11) -> 73 | N11: =RANK(M11,$M$6:$M$12) -> 7
A12: 7 | B12: ETI PRIYA | D12: 16 | E12: 24 | F12: 20 | G12: 24 | I12: 25 | J12: 24 | L12: 8 | M12: =SUM(C12:L12) -> 141 | N12: =RANK(M12,$M$6:$M$12) -> 6

Sheet 6
A1: SN | B1: Student’s Name | C1: ='6s'!B6 -> RIYA MONI
A2: 1 | B2: Subject’s Name | C2: 3rd Tutorial Exam (30) | D2: 3rd Semester Exam (70) | E2: Total Marks | F2: Grade Letter | G2: Grade Point | H2: G.P.A
B3: Bangla-1 | C3: ='6t'!C6 -> 25 | D3: ='6s'!C6 -> 55 | E3: =SUM(C3:D3) -> 80 | F3: =IF(E3>=80,"A+", IF(E3>=70,"A", IF(E3>=60,"A-", IF(E3>=50,"B", IF(E3>=40,"C", IF(E3>=33,"D","F")))))) -> A+ | G3: =IF(E3>=80,5, IF(E3>=70,4, IF(E3>=60,3.5, IF(E3>=50,3, IF(E3>=40,2, IF(E3>=33,1,0)))))) -> 5 | H3: =AVERAGE( VALUE(G3), VALUE(G4), VALUE(G5), VALUE(G6), VALUE(G7), VALUE(G8), VALUE(G9), VALUE(G10), VALUE(G11), VALUE(G12)) -> 4.6
B4: Bangla-2 | C4: ='6t'!D6 | D4: ='6s'!D6 -> 45 | E4: =SUM(C4:D4) -> 45 | F4: =IF(E4>=40,"A+", IF(E4>=35,"A", IF(E4>=30,"A-", IF(E4>=25,"B", IF(E4>=20,"C", IF(E4>=16,"D","F")))))) -> A+ | G4: =IF(E4>=40,5, IF(E4>=35,4, IF(E4>=30,3.5, IF(E4>=25,3, IF(E4>=20,2, IF(E4>=16,1,0)))))) -> 5
B5: English-1 | C5: ='6t'!E6 -> 19 | D5: ='6s'!E6 -> 64 | E5: =SUM(C5:D5) -> 83 | F5: =IF(E5>=80,"A+", IF(E5>=70,"A", IF(E5>=60,"A-", IF(E5>=50,"B", IF(E5>=40,"C", IF(E5>=33,"D","F")))))) -> A+ | G5: =IF(E5>=80,5, IF(E5>=70,4, IF(E5>=60,3.5, IF(E5>=50,3, IF(E5>=40,2, IF(E5>=33,1,0)))))) -> 5
B6: English-2 | C6: ='6t'!F6 | D6: ='6s'!F6 -> 48 | E6: =SUM(C6:D6) -> 48 | F6: =IF(E6>=40,"A+", IF(E6>=35,"A", IF(E6>=30,"A-", IF(E6>=25,"B", IF(E6>=20,"C", IF(E6>=16,"D","F")))))) -> A+ | G6: =IF(E6>=40,5, IF(E6>=35,4, IF(E6>=30,3.5, IF(E6>=25,3, IF(E6>=20,2, IF(E6>=16,1,0)))))) -> 5
B7: Mathematics | C7: ='6t'!G6 -> 24 | D7: ='6s'!G6 -> 55 | E7: =SUM(C7:D7) -> 79 | F7: =IF(E7>=80,"A+", IF(E7>=70,"A", IF(E7>=60,"A-", IF(E7>=50,"B", IF(E7>=40,"C", IF(E7>=33,"D","F")))))) -> A | G7: =IF(E7>=80,5, IF(E7>=70,4, IF(E7>=60,3.5, IF(E7>=50,3, IF(E7>=40,2, IF(E7>=33,1,0)))))) -> 4
B8: Science | C8: ='6t'!H6 -> 30 | D8: ='6s'!H6 -> 54 | E8: =SUM(C8:D8) -> 84 | F8: =IF(E8>=80,"A+", IF(E8>=70,"A", IF(E8>=60,"A-", IF(E8>=50,"B", IF(E8>=40,"C", IF(E8>=33,"D","F")))))) -> A+ | G8: =IF(E8>=80,5, IF(E8>=70,4, IF(E8>=60,3.5, IF(E8>=50,3, IF(E8>=40,2, IF(E8>=33,1,0)))))) -> 5
B9: B.G.S | C9: ='6t'!I6 -> 23 | D9: ='6s'!I6 -> 63 | E9: =SUM(C9:D9) -> 86 | F9: =IF(E9>=80,"A+", IF(E9>=70,"A", IF(E9>=60,"A-", IF(E9>=50,"B", IF(E9>=40,"C", IF(E9>=33,"D","F")))))) -> A+ | G9: =IF(E9>=80,5, IF(E9>=70,4, IF(E9>=60,3.5, IF(E9>=50,3, IF(E9>=40,2, IF(E9>=33,1,0)))))) -> 5
B10: Agri. | C10: ='6t'!J6 -> 26 | D10: ='6s'!J6 -> 50 | E10: =SUM(C10:D10) -> 76 | F10: =IF(E10>=80,"A+", IF(E10>=70,"A", IF(E10>=60,"A-", IF(E10>=50,"B", IF(E10>=40,"C", IF(E10>=33,"D","F")))))) -> A | G10: =IF(E10>=80,5, IF(E10>=70,4, IF(E10>=60,3.5, IF(E10>=50,3, IF(E10>=40,2, IF(E10>=33,1,0)))))) -> 4
B11: Religion | C11: ='6t'!K6 -> 30 | D11: ='6s'!K6 -> 70 | E11: =SUM(C11:D11) -> 100 | F11: =IF(E11>=80,"A+", IF(E11>=70,"A", IF(E11>=60,"A-", IF(E11>=50,"B", IF(E11>=40,"C", IF(E11>=33,"D","F")))))) -> A+ | G11: =IF(E11>=80,5, IF(E11>=70,4, IF(E11>=60,3.5, IF(E11>=50,3, IF(E11>=40,2, IF(E11>=33,1,0)))))) -> 5
B12: ICT | C12: ='6t'!L6 -> 13 | D12: ='6s'!L6 -> 13 | E12: =SUM(C12:D12) -> 26 | F12: =IF(E12>=40,"A+", IF(E12>=35,"A", IF(E12>=30,"A-", IF(E12>=25,"B", IF(E12>=20,"C", IF(E12>=16,"D","F")))))) -> B | G12: =IF(E12>=40,5, IF(E12>=35,4, IF(E12>=30,3.5, IF(E12>=25,3, IF(E12>=20,2, IF(E12>=16,1,0)))))) -> 3
A13: SN | B13: Student’s Name | C13: ='6s'!B7 -> JENIYA AKTER
A14: 2 | B14: Subject’s Name | C14: ='6'!C2 -> 3rd Tutorial Exam (30) | D14: ='6'!D2 -> 3rd Semester Exam (70) | E14: Total Marks | F14: Grade Letter | G14: Grade Point | H14: G.P.A
B15: Bangla-1 | C15: ='6t'!C7 -> 20 | D15: ='6s'!C7 -> 32 | E15: =SUM(C15:D15) -> 52 | F15: =IF(E15>=80,"A+", IF(E15>=70,"A", IF(E15>=60,"A-", IF(E15>=50,"B", IF(E15>=40,"C", IF(E15>=33,"D","F")))))) -> B | G15: =IF(E15>=80,5, IF(E15>=70,4, IF(E15>=60,3.5, IF(E15>=50,3, IF(E15>=40,2, IF(E15>=33,1,0)))))) -> 3 | H15: =AVERAGE( VALUE(G15), VALUE(G16), VALUE(G17), VALUE(G18), VALUE(G19), VALUE(G20), VALUE(G21), VALUE(G22), VALUE(G23), VALUE(G24)) -> 3.45
B16: Bangla-2 | C16: ='6t'!D7 | D16: ='6s'!D7 -> 44 | E16: =SUM(C16:D16) -> 44 | F16: =IF(E16>=40,"A+", IF(E16>=35,"A", IF(E16>=30,"A-", IF(E16>=25,"B", IF(E16>=20,"C", IF(E16>=16,"D","F")))))) -> A+ | G16: =IF(E16>=40,5, IF(E16>=35,4, IF(E16>=30,3.5, IF(E16>=25,3, IF(E16>=20,2, IF(E16>=16,1,0)))))) -> 5
B17: English-1 | C17: ='6t'!E7 -> 13 | D17: ='6s'!E7 -> 40 | E17: =SUM(C17:D17) -> 53 | F17: =IF(E17>=80,"A+", IF(E17>=70,"A", IF(E17>=60,"A-", IF(E17>=50,"B", IF(E17>=40,"C", IF(E17>=33,"D","F")))))) -> B | G17: =IF(E17>=80,5, IF(E17>=70,4, IF(E17>=60,3.5, IF(E17>=50,3, IF(E17>=40,2, IF(E17>=33,1,0)))))) -> 3
B18: English-2 | C18: ='6t'!F7 | D18: ='6s'!F7 -> 25 | E18: =SUM(C18:D18) -> 25 | F18: =IF(E18>=40,"A+", IF(E18>=35,"A", IF(E18>=30,"A-", IF(E18>=25,"B", IF(E18>=20,"C", IF(E18>=16,"D","F")))))) -> B | G18: =IF(E18>=40,5, IF(E18>=35,4, IF(E18>=30,3.5, IF(E18>=25,3, IF(E18>=20,2, IF(E18>=16,1,0)))))) -> 3
B19: Mathematics | C19: ='6t'!G7 -> 18 | D19: ='6s'!G7 -> 34 | E19: =SUM(C19:D19) -> 52 | F19: =IF(E19>=80,"A+", IF(E19>=70,"A", IF(E19>=60,"A-", IF(E19>=50,"B", IF(E19>=40,"C", IF(E19>=33,"D","F")))))) -> B | G19: =IF(E19>=80,5, IF(E19>=70,4, IF(E19>=60,3.5, IF(E19>=50,3, IF(E19>=40,2, IF(E19>=33,1,0)))))) -> 3
B20: Science | C20: ='6t'!H7 -> 26 | D20: ='6s'!H7 -> 38 | E20: =SUM(C20:D20) -> 64 | F20: =IF(E20>=80,"A+", IF(E20>=70,"A", IF(E20>=60,"A-", IF(E20>=50,"B", IF(E20>=40,"C", IF(E20>=33,"D","F")))))) -> A- | G20: =IF(E20>=80,5, IF(E20>=70,4, IF(E20>=60,3.5, IF(E20>=50,3, IF(E20>=40,2, IF(E20>=33,1,0)))))) -> 3.5
B21: B.G.S | C21: ='6t'!I7 -> 19 | D21: ='6s'!I7 -> 53 | E21: =SUM(C21:D21) -> 72 | F21: =IF(E21>=80,"A+", IF(E21>=70,"A", IF(E21>=60,"A-", IF(E21>=50,"B", IF(E21>=40,"C", IF(E21>=33,"D","F")))))) -> A | G21: =IF(E21>=80,5, IF(E21>=70,4, IF(E21>=60,3.5, IF(E21>=50,3, IF(E21>=40,2, IF(E21>=33,1,0)))))) -> 4
B22: Agri. | C22: ='6t'!J7 -> 24 | D22: ='6s'!J7 -> 26 | E22: =SUM(C22:D22) -> 50 | F22: =IF(E22>=80,"A+", IF(E22>=70,"A", IF(E22>=60,"A-", IF(E22>=50,"B", IF(E22>=40,"C", IF(E22>=33,"D","F")))))) -> B | G22: =IF(E22>=80,5, IF(E22>=70,4, IF(E22>=60,3.5, IF(E22>=50,3, IF(E22>=40,2, IF(E22>=33,1,0)))))) -> 3
B23: Religion | C23: ='6t'!K7 -> 26 | D23: ='6s'!K7 -> 62 | E23: =SUM(C23:D23) -> 88 | F23: =IF(E23>=80,"A+", IF(E23>=70,"A", IF(E23>=60,"A-", IF(E23>=50,"B", IF(E23>=40,"C", IF(E23>=33,"D","F")))))) -> A+ | G23: =IF(E23>=80,5, IF(E23>=70,4, IF(E23>=60,3.5, IF(E23>=50,3, IF(E23>=40,2, IF(E23>=33,1,0)))))) -> 5
B24: ICT | C24: ='6t'!L7 -> 12 | D24: ='6s'!L7 -> 12 | E24: =SUM(C24:D24) -> 24 | F24: =IF(E24>=40,"A+", IF(E24>=35,"A", IF(E24>=30,"A-", IF(E24>=25,"B", IF(E24>=20,"C", IF(E24>=16,"D","F")))))) -> C | G24: =IF(E24>=40,5, IF(E24>=35,4, IF(E24>=30,3.5, IF(E24>=25,3, IF(E24>=20,2, IF(E24>=16,1,0)))))) -> 2
A25: SN | B25: Student’s Name | C25: ='6s'!B8 -> FATEMA AKTER
A26: 3 | B26: Subject’s Name | C26: ='6'!C14 -> 3rd Tutorial Exam (30) | D26: ='6'!D14 -> 3rd Semester Exam (70) | E26: Total Marks | F26: Grade Letter | G26: Grade Point | H26: G.P.A
B27: Bangla-1 | C27: ='6t'!C8 -> 10 | D27: ='6s'!C8 -> 25 | E27: =SUM(C27:D27) -> 35 | F27: =IF(E27>=80,"A+", IF(E27>=70,"A", IF(E27>=60,"A-", IF(E27>=50,"B", IF(E27>=40,"C", IF(E27>=33,"D","F")))))) -> D | G27: =IF(E27>=80,5, IF(E27>=70,4, IF(E27>=60,3.5, IF(E27>=50,3, IF(E27>=40,2, IF(E27>=33,1,0)))))) -> 1 | H27: =AVERAGE( VALUE(G27), VALUE(G28), VALUE(G29), VALUE(G30), VALUE(G31), VALUE(G32), VALUE(G33), VALUE(G34), VALUE(G35), VALUE(G36)) -> 1.4
B28: Bangla-2 | C28: ='6t'!D8 | D28: ='6s'!D8 -> 16 | E28: =SUM(C28:D28) -> 16 | F28: =IF(E28>=40,"A+", IF(E28>=35,"A", IF(E28>=30,"A-", IF(E28>=25,"B", IF(E28>=20,"C", IF(E28>=16,"D","F")))))) -> D | G28: =IF(E28>=40,5, IF(E28>=35,4, IF(E28>=30,3.5, IF(E28>=25,3, IF(E28>=20,2, IF(E28>=16,1,0)))))) -> 1
B29: English-1 | C29: ='6t'!E8 -> 10 | D29: ='6s'!E8 -> 25 | E29: =SUM(C29:D29) -> 35 | F29: =IF(E29>=80,"A+", IF(E29>=70,"A", IF(E29>=60,"A-", IF(E29>=50,"B", IF(E29>=40,"C", IF(E29>=33,"D","F")))))) -> D | G29: =IF(E29>=80,5, IF(E29>=70,4, IF(E29>=60,3.5, IF(E29>=50,3, IF(E29>=40,2, IF(E29>=33,1,0)))))) -> 1
B30: English-2 | C30: ='6t'!F8 | D30: ='6s'!F8 -> 25 | E30: =SUM(C30:D30) -> 25 | F30: =IF(E30>=40,"A+", IF(E30>=35,"A", IF(E30>=30,"A-", IF(E30>=25,"B", IF(E30>=20,"C", IF(E30>=16,"D","F")))))) -> B | G30: =IF(E30>=40,5, IF(E30>=35,4, IF(E30>=30,3.5, IF(E30>=25,3, IF(E30>=20,2, IF(E30>=16,1,0)))))) -> 3
B31: Mathematics | C31: ='6t'!G8 | D31: ='6s'!G8 | E31: =SUM(C31:D31) -> 0 | F31: =IF(E31>=80,"A+", IF(E31>=70,"A", IF(E31>=60,"A-", IF(E31>=50,"B", IF(E31>=40,"C", IF(E31>=33,"D","F")))))) -> F | G31: =IF(E31>=80,5, IF(E31>=70,4, IF(E31>=60,3.5, IF(E31>=50,3, IF(E31>=40,2, IF(E31>=33,1,0)))))) -> 0
B32: Science | C32: ='6t'!H8 -> 10 | D32: ='6s'!H8 -> 33 | E32: =SUM(C32:D32) -> 43 | F32: =IF(E32>=80,"A+", IF(E32>=70,"A", IF(E32>=60,"A-", IF(E32>=50,"B", IF(E32>=40,"C", IF(E32>=33,"D","F")))))) -> C | G32: =IF(E32>=80,5, IF(E32>=70,4, IF(E32>=60,3.5, IF(E32>=50,3, IF(E32>=40,2, IF(E32>=33,1,0)))))) -> 2
B33: B.G.S | C33: ='6t'!I8 | D33: ='6s'!I8 -> 40 | E33: =SUM(C33:D33) -> 40 | F33: =IF(E33>=80,"A+", IF(E33>=70,"A", IF(E33>=60,"A-", IF(E33>=50,"B", IF(E33>=40,"C", IF(E33>=33,"D","F")))))) -> C | G33: =IF(E33>=80,5, IF(E33>=70,4, IF(E33>=60,3.5, IF(E33>=50,3, IF(E33>=40,2, IF(E33>=33,1,0)))))) -> 2
B34: Agri. | C34: ='6t'!J8 -> 22 | D34: ='6s'!J8 -> 25 | E34: =SUM(C34:D34) -> 47 | F34: =IF(E34>=80,"A+", IF(E34>=70,"A", IF(E34>=60,"A-", IF(E34>=50,"B", IF(E34>=40,"C", IF(E34>=33,"D","F")))))) -> C | G34: =IF(E34>=80,5, IF(E34>=70,4, IF(E34>=60,3.5, IF(E34>=50,3, IF(E34>=40,2, IF(E34>=33,1,0)))))) -> 2
B35: Religion | C35: ='6t'!K8 -> 16 | D35: ='6s'!K8 -> 26 | E35: =SUM(C35:D35) -> 42 | F35: =IF(E35>=80,"A+", IF(E35>=70,"A", IF(E35>=60,"A-", IF(E35>=50,"B", IF(E35>=40,"C", IF(E35>=33,"D","F")))))) -> C | G35: =IF(E35>=80,5, IF(E35>=70,4, IF(E35>=60,3.5, IF(E35>=50,3, IF(E35>=40,2, IF(E35>=33,1,0)))))) -> 2
B36: ICT | C36: ='6t'!L8 -> 8 | D36: ='6s'!L8 | E36: =SUM(C36:D36) -> 8 | F36: =IF(E36>=40,"A+", IF(E36>=35,"A", IF(E36>=30,"A-", IF(E36>=25,"B", IF(E36>=20,"C", IF(E36>=16,"D","F")))))) -> F | G36: =IF(E36>=40,5, IF(E36>=35,4, IF(E36>=30,3.5, IF(E36>=25,3, IF(E36>=20,2, IF(E36>=16,1,0)))))) -> 0
A37: SN | B37: Student’s Name | C37: ='6s'!B9 -> USAMA
A38: 4 | B38: Subject’s Name | C38: ='6'!C26 -> 3rd Tutorial Exam (30) | D38: ='6'!D26 -> 3rd Semester Exam (70) | E38: Total Marks | F38: Grade Letter | G38: Grade Point | H38: G.P.A
B39: Bangla-1 | C39: ='6t'!C9 -> 10 | D39: ='6s'!C9 -> 24 | E39: =SUM(C39:D39) -> 34 | F39: =IF(E39>=80,"A+", IF(E39>=70,"A", IF(E39>=60,"A-", IF(E39>=50,"B", IF(E39>=40,"C", IF(E39>=33,"D","F")))))) -> D | G39: =IF(E39>=80,5, IF(E39>=70,4, IF(E39>=60,3.5, IF(E39>=50,3, IF(E39>=40,2, IF(E39>=33,1,0)))))) -> 1 | H39: =AVERAGE( VALUE(G39), VALUE(G40), VALUE(G41), VALUE(G42), VALUE(G43), VALUE(G44), VALUE(G45), VALUE(G46), VALUE(G47), VALUE(G48)) -> 1.3
B40: Bangla-2 | C40: ='6t'!D9 | D40: ='6s'!D9 -> 16 | E40: =SUM(C40:D40) -> 16 | F40: =IF(E40>=40,"A+", IF(E40>=35,"A", IF(E40>=30,"A-", IF(E40>=25,"B", IF(E40>=20,"C", IF(E40>=16,"D","F")))))) -> D | G40: =IF(E40>=40,5, IF(E40>=35,4, IF(E40>=30,3.5, IF(E40>=25,3, IF(E40>=20,2, IF(E40>=16,1,0)))))) -> 1
B41: English-1 | C41: ='6t'!E9 -> 10 | D41: ='6s'!E9 -> 20 | E41: =SUM(C41:D41) -> 30 | F41: =IF(E41>=80,"A+", IF(E41>=70,"A", IF(E41>=60,"A-", IF(E41>=50,"B", IF(E41>=40,"C", IF(E41>=33,"D","F")))))) -> F | G41: =IF(E41>=80,5, IF(E41>=70,4, IF(E41>=60,3.5, IF(E41>=50,3, IF(E41>=40,2, IF(E41>=33,1,0)))))) -> 0
B42: English-2 | C42: ='6t'!F9 | D42: ='6s'!F9 -> 20 | E42: =SUM(C42:D42) -> 20 | F42: =IF(E42>=40,"A+", IF(E42>=35,"A", IF(E42>=30,"A-", IF(E42>=25,"B", IF(E42>=20,"C", IF(E42>=16,"D","F")))))) -> C | G42: =IF(E42>=40,5, IF(E42>=35,4, IF(E42>=30,3.5, IF(E42>=25,3, IF(E42>=20,2, IF(E42>=16,1,0)))))) -> 2
B43: Mathematics | C43: ='6t'!G9 -> 10 | D43: ='6s'!G9 -> 24 | E43: =SUM(C43:D43) -> 34 | F43: =IF(E43>=80,"A+", IF(E43>=70,"A", IF(E43>=60,"A-", IF(E43>=50,"B", IF(E43>=40,"C", IF(E43>=33,"D","F")))))) -> D | G43: =IF(E43>=80,5, IF(E43>=70,4, IF(E43>=60,3.5, IF(E43>=50,3, IF(E43>=40,2, IF(E43>=33,1,0)))))) -> 1
B44: Science | C44: ='6t'!H9 -> 10 | D44: ='6s'!H9 -> 24 | E44: =SUM(C44:D44) -> 34 | F44: =IF(E44>=80,"A+", IF(E44>=70,"A", IF(E44>=60,"A-", IF(E44>=50,"B", IF(E44>=40,"C", IF(E44>=33,"D","F")))))) -> D | G44: =IF(E44>=80,5, IF(E44>=70,4, IF(E44>=60,3.5, IF(E44>=50,3, IF(E44>=40,2, IF(E44>=33,1,0)))))) -> 1
B45: B.G.S | C45: ='6t'!I9 -> 10 | D45: ='6s'!I9 -> 33 | E45: =SUM(C45:D45) -> 43 | F45: =IF(E45>=80,"A+", IF(E45>=70,"A", IF(E45>=60,"A-", IF(E45>=50,"B", IF(E45>=40,"C", IF(E45>=33,"D","F")))))) -> C | G45: =IF(E45>=80,5, IF(E45>=70,4, IF(E45>=60,3.5, IF(E45>=50,3, IF(E45>=40,2, IF(E45>=33,1,0)))))) -> 2
B46: Agri. | C46: ='6t'!J9 -> 15 | D46: ='6s'!J9 -> 24 | E46: =SUM(C46:D46) -> 39 | F46: =IF(E46>=80,"A+", IF(E46>=70,"A", IF(E46>=60,"A-", IF(E46>=50,"B", IF(E46>=40,"C", IF(E46>=33,"D","F")))))) -> D | G46: =IF(E46>=80,5, IF(E46>=70,4, IF(E46>=60,3.5, IF(E46>=50,3, IF(E46>=40,2, IF(E46>=33,1,0)))))) -> 1
B47: Religion | C47: ='6t'!K9 -> 10 | D47: ='6s'!K9 -> 47 | E47: =SUM(C47:D47) -> 57 | F47: =IF(E47>=80,"A+", IF(E47>=70,"A", IF(E47>=60,"A-", IF(E47>=50,"B", IF(E47>=40,"C", IF(E47>=33,"D","F")))))) -> B | G47: =IF(E47>=80,5, IF(E47>=70,4, IF(E47>=60,3.5, IF(E47>=50,3, IF(E47>=40,2, IF(E47>=33,1,0)))))) -> 3
B48: ICT | C48: ='6t'!L9 -> 8 | D48: ='6s'!L9 -> 8 | E48: =SUM(C48:D48) -> 16 | F48: =IF(E48>=40,"A+", IF(E48>=35,"A", IF(E48>=30,"A-", IF(E48>=25,"B", IF(E48>=20,"C", IF(E48>=16,"D","F")))))) -> D | G48: =IF(E48>=40,5, IF(E48>=35,4, IF(E48>=30,3.5, IF(E48>=25,3, IF(E48>=20,2, IF(E48>=16,1,0)))))) -> 1
A49: SN | B49: Student’s Name | C49: ='6s'!B10 -> SHAHABIR
A50: 5 | B50: Subject’s Name | C50: ='6'!C38 -> 3rd Tutorial Exam (30) | D50: ='6'!D38 -> 3rd Semester Exam (70) | E50: Total Marks | F50: Grade Letter | G50: Grade Point | H50: G.P.A
B51: Bangla-1 | C51: ='6t'!C10 -> 10 | D51: ='6s'!C10 -> 24 | E51: =SUM(C51:D51) -> 34 | F51: =IF(E51>=80,"A+", IF(E51>=70,"A", IF(E51>=60,"A-", IF(E51>=50,"B", IF(E51>=40,"C", IF(E51>=33,"D","F")))))) -> D | G51: =IF(E51>=80,5, IF(E51>=70,4, IF(E51>=60,3.5, IF(E51>=50,3, IF(E51>=40,2, IF(E51>=33,1,0)))))) -> 1 | H51: =AVERAGE( VALUE(G51), VALUE(G52), VALUE(G53), VALUE(G54), VALUE(G55), VALUE(G56), VALUE(G57), VALUE(G58), VALUE(G59), VALUE(G60)) -> 1.1
B52: Bangla-2 | C52: ='6t'!D10 | D52: ='6s'!D10 -> 16 | E52: =SUM(C52:D52) -> 16 | F52: =IF(E52>=40,"A+", IF(E52>=35,"A", IF(E52>=30,"A-", IF(E52>=25,"B", IF(E52>=20,"C", IF(E52>=16,"D","F")))))) -> D | G52: =IF(E52>=40,5, IF(E52>=35,4, IF(E52>=30,3.5, IF(E52>=25,3, IF(E52>=20,2, IF(E52>=16,1,0)))))) -> 1
B53: English-1 | C53: ='6t'!E10 -> 10 | D53: ='6s'!E10 -> 25 | E53: =SUM(C53:D53) -> 35 | F53: =IF(E53>=80,"A+", IF(E53>=70,"A", IF(E53>=60,"A-", IF(E53>=50,"B", IF(E53>=40,"C", IF(E53>=33,"D","F")))))) -> D | G53: =IF(E53>=80,5, IF(E53>=70,4, IF(E53>=60,3.5, IF(E53>=50,3, IF(E53>=40,2, IF(E53>=33,1,0)))))) -> 1
B54: English-2 | C54: ='6t'!F10 | D54: ='6s'!F10 -> 22 | E54: =SUM(C54:D54) -> 22 | F54: =IF(E54>=40,"A+", IF(E54>=35,"A", IF(E54>=30,"A-", IF(E54>=25,"B", IF(E54>=20,"C", IF(E54>=16,"D","F")))))) -> C | G54: =IF(E54>=40,5, IF(E54>=35,4, IF(E54>=30,3.5, IF(E54>=25,3, IF(E54>=20,2, IF(E54>=16,1,0)))))) -> 2
B55: Mathematics | C55: ='6t'!G10 -> 10 | D55: ='6s'!G10 -> 24 | E55: =SUM(C55:D55) -> 34 | F55: =IF(E55>=80,"A+", IF(E55>=70,"A", IF(E55>=60,"A-", IF(E55>=50,"B", IF(E55>=40,"C", IF(E55>=33,"D","F")))))) -> D | G55: =IF(E55>=80,5, IF(E55>=70,4, IF(E55>=60,3.5, IF(E55>=50,3, IF(E55>=40,2, IF(E55>=33,1,0)))))) -> 1
B56: Science | C56: ='6t'!H10 -> 10 | D56: ='6s'!H10 -> 26 | E56: =SUM(C56:D56) -> 36 | F56: =IF(E56>=80,"A+", IF(E56>=70,"A", IF(E56>=60,"A-", IF(E56>=50,"B", IF(E56>=40,"C", IF(E56>=33,"D","F")))))) -> D | G56: =IF(E56>=80,5, IF(E56>=70,4, IF(E56>=60,3.5, IF(E56>=50,3, IF(E56>=40,2, IF(E56>=33,1,0)))))) -> 1
B57: B.G.S | C57: ='6t'!I10 -> 10 | D57: ='6s'!I10 -> 30 | E57: =SUM(C57:D57) -> 40 | F57: =IF(E57>=80,"A+", IF(E57>=70,"A", IF(E57>=60,"A-", IF(E57>=50,"B", IF(E57>=40,"C", IF(E57>=33,"D","F")))))) -> C | G57: =IF(E57>=80,5, IF(E57>=70,4, IF(E57>=60,3.5, IF(E57>=50,3, IF(E57>=40,2, IF(E57>=33,1,0)))))) -> 2
B58: Agri. | C58: ='6t'!J10 | D58: ='6s'!J10 -> 24 | E58: =SUM(C58:D58) -> 24 | F58: =IF(E58>=80,"A+", IF(E58>=70,"A", IF(E58>=60,"A-", IF(E58>=50,"B", IF(E58>=40,"C", IF(E58>=33,"D","F")))))) -> F | G58: =IF(E58>=80,5, IF(E58>=70,4, IF(E58>=60,3.5, IF(E58>=50,3, IF(E58>=40,2, IF(E58>=33,1,0)))))) -> 0
B59: Religion | C59: ='6t'!K10 -> 10 | D59: ='6s'!K10 -> 29 | E59: =SUM(C59:D59) -> 39 | F59: =IF(E59>=80,"A+", IF(E59>=70,"A", IF(E59>=60,"A-", IF(E59>=50,"B", IF(E59>=40,"C", IF(E59>=33,"D","F")))))) -> D | G59: =IF(E59>=80,5, IF(E59>=70,4, IF(E59>=60,3.5, IF(E59>=50,3, IF(E59>=40,2, IF(E59>=33,1,0)))))) -> 1
B60: ICT | C60: ='6t'!L10 -> 9 | D60: ='6s'!L10 -> 9 | E60: =SUM(C60:D60) -> 18 | F60: =IF(E60>=40,"A+", IF(E60>=35,"A", IF(E60>=30,"A-", IF(E60>=25,"B", IF(E60>=20,"C", IF(E60>=16,"D","F")))))) -> D | G60: =IF(E60>=40,5, IF(E60>=35,4, IF(E60>=30,3.5, IF(E60>=25,3, IF(E60>=20,2, IF(E60>=16,1,0)))))) -> 1
A61: SN | B61: Student’s Name | C61: ='6s'!B11 -> MIM AKTER SHATHI
A62: 6 | B62: Subject’s Name | C62: ='6'!C50 -> 3rd Tutorial Exam (30) | D62: ='6'!D50 -> 3rd Semester Exam (70) | E62: Total Marks | F62: Grade Letter | G62: Grade Point | H62: G.P.A
B63: Bangla-1 | C63: ='6t'!C11 | D63: ='6s'!C11 -> 24 | E63: =SUM(C63:D63) -> 24 | F63: =IF(E63>=80,"A+", IF(E63>=70,"A", IF(E63>=60,"A-", IF(E63>=50,"B", IF(E63>=40,"C", IF(E63>=33,"D","F")))))) -> F | G63: =IF(E63>=80,5, IF(E63>=70,4, IF(E63>=60,3.5, IF(E63>=50,3, IF(E63>=40,2, IF(E63>=33,1,0)))))) -> 0 | H63: =AVERAGE( VALUE(G63), VALUE(G64), VALUE(G65), VALUE(G66), VALUE(G67), VALUE(G68), VALUE(G69), VALUE(G70), VALUE(G71), VALUE(G72)) -> 0.3
B64: Bangla-2 | C64: ='6t'!D11 | D64: ='6s'!D11 -> 16 | E64: =SUM(C64:D64) -> 16 | F64: =IF(E64>=40,"A+", IF(E64>=35,"A", IF(E64>=30,"A-", IF(E64>=25,"B", IF(E64>=20,"C", IF(E64>=16,"D","F")))))) -> D | G64: =IF(E64>=40,5, IF(E64>=35,4, IF(E64>=30,3.5, IF(E64>=25,3, IF(E64>=20,2, IF(E64>=16,1,0)))))) -> 1
B65: English-1 | C65: ='6t'!E11 -> 10 | D65: ='6s'!E11 | E65: =SUM(C65:D65) -> 10 | F65: =IF(E65>=80,"A+", IF(E65>=70,"A", IF(E65>=60,"A-", IF(E65>=50,"B", IF(E65>=40,"C", IF(E65>=33,"D","F")))))) -> F | G65: =IF(E65>=80,5, IF(E65>=70,4, IF(E65>=60,3.5, IF(E65>=50,3, IF(E65>=40,2, IF(E65>=33,1,0)))))) -> 0
B66: English-2 | C66: ='6t'!F11 | D66: ='6s'!F11 | E66: =SUM(C66:D66) -> 0 | F66: =IF(E66>=40,"A+", IF(E66>=35,"A", IF(E66>=30,"A-", IF(E66>=25,"B", IF(E66>=20,"C", IF(E66>=16,"D","F")))))) -> F | G66: =IF(E66>=40,5, IF(E66>=35,4, IF(E66>=30,3.5, IF(E66>=25,3, IF(E66>=20,2, IF(E66>=16,1,0)))))) -> 0
B67: Mathematics | C67: ='6t'!G11 | D67: ='6s'!G11 | E67: =SUM(C67:D67) -> 0 | F67: =IF(E67>=80,"A+", IF(E67>=70,"A", IF(E67>=60,"A-", IF(E67>=50,"B", IF(E67>=40,"C", IF(E67>=33,"D","F")))))) -> F | G67: =IF(E67>=80,5, IF(E67>=70,4, IF(E67>=60,3.5, IF(E67>=50,3, IF(E67>=40,2, IF(E67>=33,1,0)))))) -> 0
B68: Science | C68: ='6t'!H11 | D68: ='6s'!H11 | E68: =SUM(C68:D68) -> 0 | F68: =IF(E68>=80,"A+", IF(E68>=70,"A", IF(E68>=60,"A-", IF(E68>=50,"B", IF(E68>=40,"C", IF(E68>=33,"D","F")))))) -> F | G68: =IF(E68>=80,5, IF(E68>=70,4, IF(E68>=60,3.5, IF(E68>=50,3, IF(E68>=40,2, IF(E68>=33,1,0)))))) -> 0
B69: B.G.S | C69: ='6t'!I11 -> 10 | D69: ='6s'!I11 | E69: =SUM(C69:D69) -> 10 | F69: =IF(E69>=80,"A+", IF(E69>=70,"A", IF(E69>=60,"A-", IF(E69>=50,"B", IF(E69>=40,"C", IF(E69>=33,"D","F")))))) -> F | G69: =IF(E69>=80,5, IF(E69>=70,4, IF(E69>=60,3.5, IF(E69>=50,3, IF(E69>=40,2, IF(E69>=33,1,0)))))) -> 0
B70: Agri. | C70: ='6t'!J11 | D70: ='6s'!J11 | E70: =SUM(C70:D70) -> 0 | F70: =IF(E70>=80,"A+", IF(E70>=70,"A", IF(E70>=60,"A-", IF(E70>=50,"B", IF(E70>=40,"C", IF(E70>=33,"D","F")))))) -> F | G70: =IF(E70>=80,5, IF(E70>=70,4, IF(E70>=60,3.5, IF(E70>=50,3, IF(E70>=40,2, IF(E70>=33,1,0)))))) -> 0
B71: Religion | C71: ='6t'!K11 -> 10 | D71: ='6s'!K11 -> 25 | E71: =SUM(C71:D71) -> 35 | F71: =IF(E71>=80,"A+", IF(E71>=70,"A", IF(E71>=60,"A-", IF(E71>=50,"B", IF(E71>=40,"C", IF(E71>=33,"D","F")))))) -> D | G71: =IF(E71>=80,5, IF(E71>=70,4, IF(E71>=60,3.5, IF(E71>=50,3, IF(E71>=40,2, IF(E71>=33,1,0)))))) -> 1
B72: ICT | C72: ='6t'!L11 -> 8 | D72: ='6s'!L11 -> 8 | E72: =SUM(C72:D72) -> 16 | F72: =IF(E72>=40,"A+", IF(E72>=35,"A", IF(E72>=30,"A-", IF(E72>=25,"B", IF(E72>=20,"C", IF(E72>=16,"D","F")))))) -> D | G72: =IF(E72>=40,5, IF(E72>=35,4, IF(E72>=30,3.5, IF(E72>=25,3, IF(E72>=20,2, IF(E72>=16,1,0)))))) -> 1
A73: SN | B73: Student’s Name | C73: ='6s'!B12 -> ETI PRIYA
A74: 7 | B74: Subject’s Name | C74: ='6'!C62 -> 3rd Tutorial Exam (30) | D74: ='6'!D62 -> 3rd Semester Exam (70) | E74: Total Marks | F74: Grade Letter | G74: Grade Point | H74: G.P.A
B75: Bangla-1 | C75: ='6t'!C12 | D75: ='6s'!C12 | E75: =SUM(C75:D75) -> 0 | F75: =IF(E75>=80,"A+", IF(E75>=70,"A", IF(E75>=60,"A-", IF(E75>=50,"B", IF(E75>=40,"C", IF(E75>=33,"D","F")))))) -> F | G75: =IF(E75>=80,5, IF(E75>=70,4, IF(E75>=60,3.5, IF(E75>=50,3, IF(E75>=40,2, IF(E75>=33,1,0)))))) -> 0 | H75: =AVERAGE( VALUE(G75), VALUE(G76), VALUE(G77), VALUE(G78), VALUE(G79), VALUE(G80), VALUE(G81), VALUE(G82), VALUE(G83), VALUE(G84)) -> 0.6
B76: Bangla-2 | C76: ='6t'!D12 | D76: ='6s'!D12 -> 16 | E76: =SUM(C76:D76) -> 16 | F76: =IF(E76>=40,"A+", IF(E76>=35,"A", IF(E76>=30,"A-", IF(E76>=25,"B", IF(E76>=20,"C", IF(E76>=16,"D","F")))))) -> D | G76: =IF(E76>=40,5, IF(E76>=35,4, IF(E76>=30,3.5, IF(E76>=25,3, IF(E76>=20,2, IF(E76>=16,1,0)))))) -> 1
B77: English-1 | C77: ='6t'!E12 -> 10 | D77: ='6s'!E12 -> 24 | E77: =SUM(C77:D77) -> 34 | F77: =IF(E77>=80,"A+", IF(E77>=70,"A", IF(E77>=60,"A-", IF(E77>=50,"B", IF(E77>=40,"C", IF(E77>=33,"D","F")))))) -> D | G77: =IF(E77>=80,5, IF(E77>=70,4, IF(E77>=60,3.5, IF(E77>=50,3, IF(E77>=40,2, IF(E77>=33,1,0)))))) -> 1
B78: English-2 | C78: ='6t'!F12 | D78: ='6s'!F12 -> 20 | E78: =SUM(C78:D78) -> 20 | F78: =IF(E78>=40,"A+", IF(E78>=35,"A", IF(E78>=30,"A-", IF(E78>=25,"B", IF(E78>=20,"C", IF(E78>=16,"D","F")))))) -> C | G78: =IF(E78>=40,5, IF(E78>=35,4, IF(E78>=30,3.5, IF(E78>=25,3, IF(E78>=20,2, IF(E78>=16,1,0)))))) -> 2
B79: Mathematics | C79: ='6t'!G12 | D79: ='6s'!G12 -> 24 | E79: =SUM(C79:D79) -> 24 | F79: =IF(E79>=80,"A+", IF(E79>=70,"A", IF(E79>=60,"A-", IF(E79>=50,"B", IF(E79>=40,"C", IF(E79>=33,"D","F")))))) -> F | G79: =IF(E79>=80,5, IF(E79>=70,4, IF(E79>=60,3.5, IF(E79>=50,3, IF(E79>=40,2, IF(E79>=33,1,0)))))) -> 0
B80: Science | C80: ='6t'!H12 | D80: ='6s'!H12 | E80: =SUM(C80:D80) -> 0 | F80: =IF(E80>=80,"A+", IF(E80>=70,"A", IF(E80>=60,"A-", IF(E80>=50,"B", IF(E80>=40,"C", IF(E80>=33,"D","F")))))) -> F | G80: =IF(E80>=80,5, IF(E80>=70,4, IF(E80>=60,3.5, IF(E80>=50,3, IF(E80>=40,2, IF(E80>=33,1,0)))))) -> 0
B81: B.G.S | C81: ='6t'!I12 -> 10 | D81: ='6s'!I12 -> 25 | E81: =SUM(C81:D81) -> 35 | F81: =IF(E81>=80,"A+", IF(E81>=70,"A", IF(E81>=60,"A-", IF(E81>=50,"B", IF(E81>=40,"C", IF(E81>=33,"D","F")))))) -> D | G81: =IF(E81>=80,5, IF(E81>=70,4, IF(E81>=60,3.5, IF(E81>=50,3, IF(E81>=40,2, IF(E81>=33,1,0)))))) -> 1
B82: Agri. | C82: ='6t'!J12 | D82: ='6s'!J12 -> 24 | E82: =SUM(C82:D82) -> 24 | F82: =IF(E82>=80,"A+", IF(E82>=70,"A", IF(E82>=60,"A-", IF(E82>=50,"B", IF(E82>=40,"C", IF(E82>=33,"D","F")))))) -> F | G82: =IF(E82>=80,5, IF(E82>=70,4, IF(E82>=60,3.5, IF(E82>=50,3, IF(E82>=40,2, IF(E82>=33,1,0)))))) -> 0
B83: Religion | C83: ='6t'!K12 -> 10 | D83: ='6s'!K12 | E83: =SUM(C83:D83) -> 10 | F83: =IF(E83>=80,"A+", IF(E83>=70,"A", IF(E83>=60,"A-", IF(E83>=50,"B", IF(E83>=40,"C", IF(E83>=33,"D","F")))))) -> F | G83: =IF(E83>=80,5, IF(E83>=70,4, IF(E83>=60,3.5, IF(E83>=50,3, IF(E83>=40,2, IF(E83>=33,1,0)))))) -> 0
B84: ICT | C84: ='6t'!L12 -> 8 | D84: ='6s'!L12 -> 8 | E84: =SUM(C84:D84) -> 16 | F84: =IF(E84>=40,"A+", IF(E84>=35,"A", IF(E84>=30,"A-", IF(E84>=25,"B", IF(E84>=20,"C", IF(E84>=16,"D","F")))))) -> D | G84: =IF(E84>=40,5, IF(E84>=35,4, IF(E84>=30,3.5, IF(E84>=25,3, IF(E84>=20,2, IF(E84>=16,1,0)))))) -> 1

Sheet 6r
A1: Hemayetpur Laboratory School and College
A2: Annual Examination Results-2025
A3: Class: Six
A4: SN | B4: Student’s Name | C4: Rank
C5: G.P.A | D5: Rank
A6: 1 | B6: RIYA MONI | C6: ='6'!H3 -> 4.6 | D6: =RANK(C6,$C$6:$C$12) -> 1
A7: 2 | B7: JENIYA AKTER | C7: ='6'!H15 -> 3.45 | D7: =RANK(C7,$C$6:$C$12) -> 2
A8: 3 | B8: FATEMA AKTER | C8: ='6'!H27 -> 1.4 | D8: =RANK(C8,$C$6:$C$12) -> 3
A9: 4 | B9: USAMA | C9: ='6'!H39 -> 1.3 | D9: =RANK(C9,$C$6:$C$12) -> 4
A10: 5 | B10: SHAHABIR | C10: ='6'!H51 -> 1.1 | D10: =RANK(C10,$C$6:$C$12) -> 5
A11: 6 | B11: MIM AKTER SHATHI | C11: ='6'!H63 -> 0.3 | D11: =RANK(C11,$C$6:$C$12) -> 7
A12: 7 | B12: ETI PRIYA | C12: ='6'!H75 -> 0.6 | D12: =RANK(C12,$C$6:$C$12) -> 6

Sheet 7t
A1: Hemayetpur Laboratory School and College
A2: 3rd Tutorial Examination Marksheet-2025
A3: Class: Seven
A4: SN | B4: Student’s Name | C4: Subject’s Name & Marks
C5: Bangla-1 | D5: Bangla-2 | E5: English -1 | F5: English -2 | G5: Math. | H5: Science | I5: B.G.S | J5: Agri. | K5: Religion | L5: ICT | M5: Total | N5: Rank
A6: 1 | B6: RAFIYA AKTER | C6: 30 | E6: 30 | G6: 30 | H6: 30 | I6: 30 | J6: 27 | K6: 30 | L6: 20 | M6: =SUM(C6:L6) -> 227 | N6: =RANK(M6,$M$6:$M$11) -> 1
A7: 2 | B7: MASUMA AKTER | C7: 25 | E7: 27 | G7: 30 | H7: 28 | I7: 23 | J7: 27 | K7: 24 | L7: 19 | M7: =SUM(C7:L7) -> 203 | N7: =RANK(M7,$M$6:$M$11) -> 2
A8: 3 | B8: SUMAYIA AKTER | C8: 10 | E8: 10 | G8: 10 | H8: 10 | I8: 10 | J8: 11 | K8: 10 | L8: 8 | M8: =SUM(C8:L8) -> 79 | N8: =RANK(M8,$M$6:$M$11) -> 4
A9: 4 | B9: JANNAT AKTER | M9: =SUM(C9:L9) -> 0 | N9: =RANK(M9,$M$6:$M$11) -> 6
A10: 5 | B10: SUMONA AKTER | C10: 10 | E10: 10 | I10: 10 | J10: 13 | K10: 10 | L10: 12 | M10: =SUM(C10:L10) -> 65 | N10: =RANK(M10,$M$6:$M$11) -> 5
A11: 6 | B11: SHOWRIN SHABA | C11: 13 | E11: 27 | G11: 20 | H11: 22 | I11: 13 | J11: 21 | K11: 14 | L11: 15 | M11: =SUM(C11:L11) -> 145 | N11: =RANK(M11,$M$6:$M$11) -> 3

Sheet 7s
A1: Hemayetpur Laboratory School and College
A2: Annual Examination Marksheet-2025
A3: Class: Seven
A4: SN | B4: Student’s Name | C4: Subject’s Name & Marks
C5: Bangla-1 | D5: Bangla-2 | E5: English -1 | F5: English -2 | G5: Math. | H5: Science | I5: B.G.S | J5: Agri. | K5: Religion | L5: ICT | M5: Total | N5: Rank
A6: 1 | B6: RAFIYA AKTER | C6: 62 | D6: 35 | F6: 45 | G6: 66 | H6: 52 | I6: 56 | J6: 56 | K6: 64 | L6: 20 | M6: =SUM(C6:L6) -> 456 | N6: =RANK(M6,$M$6:$M$11) -> 1
A7: 2 | B7: MASUMA AKTER | C7: 45 | D7: 22 | E7: 50 | F7: 35 | G7: 60 | H7: 40 | I7: 46 | J7: 53 | K7: 50 | L7: 19 | M7: =SUM(C7:L7) -> 420 | N7: =RANK(M7,$M$6:$M$11) -> 2
A8: 3 | B8: SUMAYIA AKTER | C8: 24 | D8: 17 | E8: 25 | F8: 25 | G8: 24 | H8: 24 | I8: 28 | J8: 24 | K8: 26 | L8: 8 | M8: =SUM(C8:L8) -> 225 | N8: =RANK(M8,$M$6:$M$11) -> 4
A9: 4 | B9: JANNAT AKTER | M9: =SUM(C9:L9) -> 0 | N9: =RANK(M9,$M$6:$M$11) -> 6
A10: 5 | B10: SUMONA AKTER | C10: 24 | D10: 17 | E10: 25 | F10: 25 | G10: 24 | H10: 24 | I10: 24 | J10: 24 | K10: 26 | L10: 12 | M10: =SUM(C10:L10) -> 225 | N10: =RANK(M10,$M$6:$M$11) -> 4
A11: 6 | B11: SHOWRIN SHABA | C11: 36 | D11: 18 | E11: 30 | F11: 33 | G11: 62 | H11: 31 | I11: 32 | J11: 43 | K11: 33 | L11: 15 | M11: =SUM(C11:L11) -> 333 | N11: =RANK(M11,$M$6:$M$11) -> 3

Sheet 7
A1: SN | B1: Student’s Name | C1: ='7s'!B6 -> RAFIYA AKTER
A2: 1 | B2: Subject’s Name | C2: 3rd Tutorial Exam (30) | D2: 3rd Semester Exam (70) | E2: Total Marks | F2: Grade Letter | G2: Grade Point | H2: G.P.A
B3: Bangla-1 | C3: ='7t'!C6 -> 30 | D3: ='7s'!C6 -> 62 | E3: =SUM(C3:D3) -> 92 | F3: =IF(E3>=80,"A+", IF(E3>=70,"A", IF(E3>=60,"A-", IF(E3>=50,"B", IF(E3>=40,"C", IF(E3>=33,"D","F")))))) -> A+ | G3: =IF(E3>=80,5, IF(E3>=70,4, IF(E3>=60,3.5, IF(E3>=50,3, IF(E3>=40,2, IF(E3>=33,1,0)))))) -> 5 | H3: =AVERAGE( VALUE(G3), VALUE(G4), VALUE(G5), VALUE(G6), VALUE(G7), VALUE(G8), VALUE(G9), VALUE(G10), VALUE(G11), VALUE(G12)) -> 4.4
B4: Bangla-2 | C4: ='7t'!D6 | D4: ='7s'!D6 -> 35 | E4: =SUM(C4:D4) -> 35 | F4: =IF(E4>=40,"A+", IF(E4>=35,"A", IF(E4>=30,"A-", IF(E4>=25,"B", IF(E4>=20,"C", IF(E4>=16,"D","F")))))) -> A | G4: =IF(E4>=40,5, IF(E4>=35,4, IF(E4>=30,3.5, IF(E4>=25,3, IF(E4>=20,2, IF(E4>=16,1,0)))))) -> 4
B5: English-1 | C5: ='7t'!E6 -> 30 | D5: ='7s'!E6 | E5: =SUM(C5:D5) -> 30 | F5: =IF(E5>=80,"A+", IF(E5>=70,"A", IF(E5>=60,"A-", IF(E5>=50,"B", IF(E5>=40,"C", IF(E5>=33,"D","F")))))) -> F | G5: =IF(E5>=80,5, IF(E5>=70,4, IF(E5>=60,3.5, IF(E5>=50,3, IF(E5>=40,2, IF(E5>=33,1,0)))))) -> 0
B6: English-2 | C6: ='7t'!F6 | D6: ='7s'!F6 -> 45 | E6: =SUM(C6:D6) -> 45 | F6: =IF(E6>=40,"A+", IF(E6>=35,"A", IF(E6>=30,"A-", IF(E6>=25,"B", IF(E6>=20,"C", IF(E6>=16,"D","F")))))) -> A+ | G6: =IF(E6>=40,5, IF(E6>=35,4, IF(E6>=30,3.5, IF(E6>=25,3, IF(E6>=20,2, IF(E6>=16,1,0)))))) -> 5
B7: Mathematics | C7: ='7t'!G6 -> 30 | D7: ='7s'!G6 -> 66 | E7: =SUM(C7:D7) -> 96 | F7: =IF(E7>=80,"A+", IF(E7>=70,"A", IF(E7>=60,"A-", IF(E7>=50,"B", IF(E7>=40,"C", IF(E7>=33,"D","F")))))) -> A+ | G7: =IF(E7>=80,5, IF(E7>=70,4, IF(E7>=60,3.5, IF(E7>=50,3, IF(E7>=40,2, IF(E7>=33,1,0)))))) -> 5
B8: Science | C8: ='7t'!H6 -> 30 | D8: ='7s'!H6 -> 52 | E8: =SUM(C8:D8) -> 82 | F8: =IF(E8>=80,"A+", IF(E8>=70,"A", IF(E8>=60,"A-", IF(E8>=50,"B", IF(E8>=40,"C", IF(E8>=33,"D","F")))))) -> A+ | G8: =IF(E8>=80,5, IF(E8>=70,4, IF(E8>=60,3.5, IF(E8>=50,3, IF(E8>=40,2, IF(E8>=33,1,0)))))) -> 5
B9: B.G.S | C9: ='7t'!I6 -> 30 | D9: ='7s'!I6 -> 56 | E9: =SUM(C9:D9) -> 86 | F9: =IF(E9>=80,"A+", IF(E9>=70,"A", IF(E9>=60,"A-", IF(E9>=50,"B", IF(E9>=40,"C", IF(E9>=33,"D","F")))))) -> A+ | G9: =IF(E9>=80,5, IF(E9>=70,4, IF(E9>=60,3.5, IF(E9>=50,3, IF(E9>=40,2, IF(E9>=33,1,0)))))) -> 5
B10: Agri. | C10: ='7t'!J6 -> 27 | D10: ='7s'!J6 -> 56 | E10: =SUM(C10:D10) -> 83 | F10: =IF(E10>=80,"A+", IF(E10>=70,"A", IF(E10>=60,"A-", IF(E10>=50,"B", IF(E10>=40,"C", IF(E10>=33,"D","F")))))) -> A+ | G10: =IF(E10>=80,5, IF(E10>=70,4, IF(E10>=60,3.5, IF(E10>=50,3, IF(E10>=40,2, IF(E10>=33,1,0)))))) -> 5
B11: Religion | C11: ='7t'!K6 -> 30 | D11: ='7s'!K6 -> 64 | E11: =SUM(C11:D11) -> 94 | F11: =IF(E11>=80,"A+", IF(E11>=70,"A", IF(E11>=60,"A-", IF(E11>=50,"B", IF(E11>=40,"C", IF(E11>=33,"D","F")))))) -> A+ | G11: =IF(E11>=80,5, IF(E11>=70,4, IF(E11>=60,3.5, IF(E11>=50,3, IF(E11>=40,2, IF(E11>=33,1,0)))))) -> 5
B12: ICT | C12: ='7t'!L6 -> 20 | D12: ='7s'!L6 -> 20 | E12: =SUM(C12:D12) -> 40 | F12: =IF(E12>=40,"A+", IF(E12>=35,"A", IF(E12>=30,"A-", IF(E12>=25,"B", IF(E12>=20,"C", IF(E12>=16,"D","F")))))) -> A+ | G12: =IF(E12>=40,5, IF(E12>=35,4, IF(E12>=30,3.5, IF(E12>=25,3, IF(E12>=20,2, IF(E12>=16,1,0)))))) -> 5
A13: SN | B13: Student’s Name | C13: ='7s'!B7 -> MASUMA AKTER
A14: 2 | B14: Subject’s Name | C14: ='7'!C2 -> 3rd Tutorial Exam (30) | D14: ='7'!D2 -> 3rd Semester Exam (70) | E14: Total Marks | F14: Grade Letter | G14: Grade Point | H14: G.P.A
B15: Bangla-1 | C15: ='7t'!C7 -> 25 | D15: ='7s'!C7 -> 45 | E15: =SUM(C15:D15) -> 70 | F15: =IF(E15>=80,"A+", IF(E15>=70,"A", IF(E15>=60,"A-", IF(E15>=50,"B", IF(E15>=40,"C", IF(E15>=33,"D","F")))))) -> A | G15: =IF(E15>=80,5, IF(E15>=70,4, IF(E15>=60,3.5, IF(E15>=50,3, IF(E15>=40,2, IF(E15>=33,1,0)))))) -> 4 | H15: =AVERAGE( VALUE(G15), VALUE(G16), VALUE(G17), VALUE(G18), VALUE(G19), VALUE(G20), VALUE(G21), VALUE(G22), VALUE(G23), VALUE(G24)) -> 3.9
B16: Bangla-2 | C16: ='7t'!D7 | D16: ='7s'!D7 -> 22 | E16: =SUM(C16:D16) -> 22 | F16: =IF(E16>=40,"A+", IF(E16>=35,"A", IF(E16>=30,"A-", IF(E16>=25,"B", IF(E16>=20,"C", IF(E16>=16,"D","F")))))) -> C | G16: =IF(E16>=40,5, IF(E16>=35,4, IF(E16>=30,3.5, IF(E16>=25,3, IF(E16>=20,2, IF(E16>=16,1,0)))))) -> 2
B17: English-1 | C17: ='7t'!E7 -> 27 | D17: ='7s'!E7 -> 50 | E17: =SUM(C17:D17) -> 77 | F17: =IF(E17>=80,"A+", IF(E17>=70,"A", IF(E17>=60,"A-", IF(E17>=50,"B", IF(E17>=40,"C", IF(E17>=33,"D","F")))))) -> A | G17: =IF(E17>=80,5, IF(E17>=70,4, IF(E17>=60,3.5, IF(E17>=50,3, IF(E17>=40,2, IF(E17>=33,1,0)))))) -> 4
B18: English-2 | C18: ='7t'!F7 | D18: ='7s'!F7 -> 35 | E18: =SUM(C18:D18) -> 35 | F18: =IF(E18>=40,"A+", IF(E18>=35,"A", IF(E18>=30,"A-", IF(E18>=25,"B", IF(E18>=20,"C", IF(E18>=16,"D","F")))))) -> A | G18: =IF(E18>=40,5, IF(E18>=35,4, IF(E18>=30,3.5, IF(E18>=25,3, IF(E18>=20,2, IF(E18>=16,1,0)))))) -> 4
B19: Mathematics | C19: ='7t'!G7 -> 30 | D19: ='7s'!G7 -> 60 | E19: =SUM(C19:D19) -> 90 | F19: =IF(E19>=80,"A+", IF(E19>=70,"A", IF(E19>=60,"A-", IF(E19>=50,"B", IF(E19>=40,"C", IF(E19>=33,"D","F")))))) -> A+ | G19: =IF(E19>=80,5, IF(E19>=70,4, IF(E19>=60,3.5, IF(E19>=50,3, IF(E19>=40,2, IF(E19>=33,1,0)))))) -> 5
B20: Science | C20: ='7t'!H7 -> 28 | D20: ='7s'!H7 -> 40 | E20: =SUM(C20:D20) -> 68 | F20: =IF(E20>=80,"A+", IF(E20>=70,"A", IF(E20>=60,"A-", IF(E20>=50,"B", IF(E20>=40,"C", IF(E20>=33,"D","F")))))) -> A- | G20: =IF(E20>=80,5, IF(E20>=70,4, IF(E20>=60,3.5, IF(E20>=50,3, IF(E20>=40,2, IF(E20>=33,1,0)))))) -> 3.5
B21: B.G.S | C21: ='7t'!I7 -> 23 | D21: ='7s'!I7 -> 46 | E21: =SUM(C21:D21) -> 69 | F21: =IF(E21>=80,"A+", IF(E21>=70,"A", IF(E21>=60,"A-", IF(E21>=50,"B", IF(E21>=40,"C", IF(E21>=33,"D","F")))))) -> A- | G21: =IF(E21>=80,5, IF(E21>=70,4, IF(E21>=60,3.5, IF(E21>=50,3, IF(E21>=40,2, IF(E21>=33,1,0)))))) -> 3.5
B22: Agri. | C22: ='7t'!J7 -> 27 | D22: ='7s'!J7 -> 53 | E22: =SUM(C22:D22) -> 80 | F22: =IF(E22>=80,"A+", IF(E22>=70,"A", IF(E22>=60,"A-", IF(E22>=50,"B", IF(E22>=40,"C", IF(E22>=33,"D","F")))))) -> A+ | G22: =IF(E22>=80,5, IF(E22>=70,4, IF(E22>=60,3.5, IF(E22>=50,3, IF(E22>=40,2, IF(E22>=33,1,0)))))) -> 5
B23: Religion | C23: ='7t'!K7 -> 24 | D23: ='7s'!K7 -> 50 | E23: =SUM(C23:D23) -> 74 | F23: =IF(E23>=80,"A+", IF(E23>=70,"A", IF(E23>=60,"A-", IF(E23>=50,"B", IF(E23>=40,"C", IF(E23>=33,"D","F")))))) -> A | G23: =IF(E23>=80,5, IF(E23>=70,4, IF(E23>=60,3.5, IF(E23>=50,3, IF(E23>=40,2, IF(E23>=33,1,0)))))) -> 4
B24: ICT | C24: ='7t'!L7 -> 19 | D24: ='7s'!L7 -> 19 | E24: =SUM(C24:D24) -> 38 | F24: =IF(E24>=40,"A+", IF(E24>=35,"A", IF(E24>=30,"A-", IF(E24>=25,"B", IF(E24>=20,"C", IF(E24>=16,"D","F")))))) -> A | G24: =IF(E24>=40,5, IF(E24>=35,4, IF(E24>=30,3.5, IF(E24>=25,3, IF(E24>=20,2, IF(E24>=16,1,0)))))) -> 4
A25: SN | B25: Student’s Name | C25: ='7s'!B8 -> SUMAYIA AKTER
A26: 3 | B26: Subject’s Name | C26: ='7'!C14 -> 3rd Tutorial Exam (30) | D26: ='7'!D14 -> 3rd Semester Exam (70) | E26: Total Marks | F26: Grade Letter | G26: Grade Point | H26: G.P.A
B27: Bangla-1 | C27: ='7t'!C8 -> 10 | D27: ='7s'!C8 -> 24 | E27: =SUM(C27:D27) -> 34 | F27: =IF(E27>=80,"A+", IF(E27>=70,"A", IF(E27>=60,"A-", IF(E27>=50,"B", IF(E27>=40,"C", IF(E27>=33,"D","F")))))) -> D | G27: =IF(E27>=80,5, IF(E27>=70,4, IF(E27>=60,3.5, IF(E27>=50,3, IF(E27>=40,2, IF(E27>=33,1,0)))))) -> 1 | H27: =AVERAGE( VALUE(G27), VALUE(G28), VALUE(G29), VALUE(G30), VALUE(G31), VALUE(G32), VALUE(G33), VALUE(G34), VALUE(G35), VALUE(G36)) -> 1.2
B28: Bangla-2 | C28: ='7t'!D8 | D28: ='7s'!D8 -> 17 | E28: =SUM(C28:D28) -> 17 | F28: =IF(E28>=40,"A+", IF(E28>=35,"A", IF(E28>=30,"A-", IF(E28>=25,"B", IF(E28>=20,"C", IF(E28>=16,"D","F")))))) -> D | G28: =IF(E28>=40,5, IF(E28>=35,4, IF(E28>=30,3.5, IF(E28>=25,3, IF(E28>=20,2, IF(E28>=16,1,0)))))) -> 1
B29: English-1 | C29: ='7t'!E8 -> 10 | D29: ='7s'!E8 -> 25 | E29: =SUM(C29:D29) -> 35 | F29: =IF(E29>=80,"A+", IF(E29>=70,"A", IF(E29>=60,"A-", IF(E29>=50,"B", IF(E29>=40,"C", IF(E29>=33,"D","F")))))) -> D | G29: =IF(E29>=80,5, IF(E29>=70,4, IF(E29>=60,3.5, IF(E29>=50,3, IF(E29>=40,2, IF(E29>=33,1,0)))))) -> 1
B30: English-2 | C30: ='7t'!F8 | D30: ='7s'!F8 -> 25 | E30: =SUM(C30:D30) -> 25 | F30: =IF(E30>=40,"A+", IF(E30>=35,"A", IF(E30>=30,"A-", IF(E30>=25,"B", IF(E30>=20,"C", IF(E30>=16,"D","F")))))) -> B | G30: =IF(E30>=40,5, IF(E30>=35,4, IF(E30>=30,3.5, IF(E30>=25,3, IF(E30>=20,2, IF(E30>=16,1,0)))))) -> 3
B31: Mathematics | C31: ='7t'!G8 -> 10 | D31: ='7s'!G8 -> 24 | E31: =SUM(C31:D31) -> 34 | F31: =IF(E31>=80,"A+", IF(E31>=70,"A", IF(E31>=60,"A-", IF(E31>=50,"B", IF(E31>=40,"C", IF(E31>=33,"D","F")))))) -> D | G31: =IF(E31>=80,5, IF(E31>=70,4, IF(E31>=60,3.5, IF(E31>=50,3, IF(E31>=40,2, IF(E31>=33,1,0)))))) -> 1
B32: Science | C32: ='7t'!H8 -> 10 | D32: ='7s'!H8 -> 24 | E32: =SUM(C32:D32) -> 34 | F32: =IF(E32>=80,"A+", IF(E32>=70,"A", IF(E32>=60,"A-", IF(E32>=50,"B", IF(E32>=40,"C", IF(E32>=33,"D","F")))))) -> D | G32: =IF(E32>=80,5, IF(E32>=70,4, IF(E32>=60,3.5, IF(E32>=50,3, IF(E32>=40,2, IF(E32>=33,1,0)))))) -> 1
B33: B.G.S | C33: ='7t'!I8 -> 10 | D33: ='7s'!I8 -> 28 | E33: =SUM(C33:D33) -> 38 | F33: =IF(E33>=80,"A+", IF(E33>=70,"A", IF(E33>=60,"A-", IF(E33>=50,"B", IF(E33>=40,"C", IF(E33>=33,"D","F")))))) -> D | G33: =IF(E33>=80,5, IF(E33>=70,4, IF(E33>=60,3.5, IF(E33>=50,3, IF(E33>=40,2, IF(E33>=33,1,0)))))) -> 1
B34: Agriclutre | C34: ='7t'!J8 -> 11 | D34: ='7s'!J8 -> 24 | E34: =SUM(C34:D34) -> 35 | F34: =IF(E34>=80,"A+", IF(E34>=70,"A", IF(E34>=60,"A-", IF(E34>=50,"B", IF(E34>=40,"C", IF(E34>=33,"D","F")))))) -> D | G34: =IF(E34>=80,5, IF(E34>=70,4, IF(E34>=60,3.5, IF(E34>=50,3, IF(E34>=40,2, IF(E34>=33,1,0)))))) -> 1
B35: Religion | C35: ='7t'!K8 -> 10 | D35: ='7s'!K8 -> 26 | E35: =SUM(C35:D35) -> 36 | F35: =IF(E35>=80,"A+", IF(E35>=70,"A", IF(E35>=60,"A-", IF(E35>=50,"B", IF(E35>=40,"C", IF(E35>=33,"D","F")))))) -> D | G35: =IF(E35>=80,5, IF(E35>=70,4, IF(E35>=60,3.5, IF(E35>=50,3, IF(E35>=40,2, IF(E35>=33,1,0)))))) -> 1
B36: ICT | C36: ='7t'!L8 -> 8 | D36: ='7s'!L8 -> 8 | E36: =SUM(C36:D36) -> 16 | F36: =IF(E36>=40,"A+", IF(E36>=35,"A", IF(E36>=30,"A-", IF(E36>=25,"B", IF(E36>=20,"C", IF(E36>=16,"D","F")))))) -> D | G36: =IF(E36>=40,5, IF(E36>=35,4, IF(E36>=30,3.5, IF(E36>=25,3, IF(E36>=20,2, IF(E36>=16,1,0)))))) -> 1
A37: SN | B37: Student’s Name | C37: ='7s'!B9 -> JANNAT AKTER
A38: 4 | B38: Subject’s Name | C38: ='7'!C26 -> 3rd Tutorial Exam (30) | D38: ='7'!D26 -> 3rd Semester Exam (70) | E38: Total Marks | F38: Grade Letter | G38: Grade Point | H38: G.P.A
B39: Bangla-1 | C39: ='7t'!C9 | D39: ='7s'!C9 | E39: =SUM(C39:D39) -> 0 | F39: =IF(E39>=80,"A+", IF(E39>=70,"A", IF(E39>=60,"A-", IF(E39>=50,"B", IF(E39>=40,"C", IF(E39>=33,"D","F")))))) -> F | G39: =IF(E39>=80,5, IF(E39>=70,4, IF(E39>=60,3.5, IF(E39>=50,3, IF(E39>=40,2, IF(E39>=33,1,0)))))) -> 0 | H39: =AVERAGE( VALUE(G39), VALUE(G40), VALUE(G41), VALUE(G42), VALUE(G43), VALUE(G44), VALUE(G45), VALUE(G46), VALUE(G47), VALUE(G48)) -> 0
B40: Bangla-2 | C40: ='7t'!D9 | D40: ='7s'!D9 | E40: =SUM(C40:D40) -> 0 | F40: =IF(E40>=40,"A+", IF(E40>=35,"A", IF(E40>=30,"A-", IF(E40>=25,"B", IF(E40>=20,"C", IF(E40>=16,"D","F")))))) -> F | G40: =IF(E40>=40,5, IF(E40>=35,4, IF(E40>=30,3.5, IF(E40>=25,3, IF(E40>=20,2, IF(E40>=16,1,0)))))) -> 0
B41: English-1 | C41: ='7t'!E9 | D41: ='7s'!E9 | E41: =SUM(C41:D41) -> 0 | F41: =IF(E41>=80,"A+", IF(E41>=70,"A", IF(E41>=60,"A-", IF(E41>=50,"B", IF(E41>=40,"C", IF(E41>=33,"D","F")))))) -> F | G41: =IF(E41>=80,5, IF(E41>=70,4, IF(E41>=60,3.5, IF(E41>=50,3, IF(E41>=40,2, IF(E41>=33,1,0)))))) -> 0
B42: English-2 | C42: ='7t'!F9 | D42: ='7s'!F9 | E42: =SUM(C42:D42) -> 0 | F42: =IF(E42>=40,"A+", IF(E42>=35,"A", IF(E42>=30,"A-", IF(E42>=25,"B", IF(E42>=20,"C", IF(E42>=16,"D","F")))))) -> F | G42: =IF(E42>=40,5, IF(E42>=35,4, IF(E42>=30,3.5, IF(E42>=25,3, IF(E42>=20,2, IF(E42>=16,1,0)))))) -> 0
B43: Mathematics | C43: ='7t'!G9 | D43: ='7s'!G9 | E43: =SUM(C43:D43) -> 0 | F43: =IF(E43>=80,"A+", IF(E43>=70,"A", IF(E43>=60,"A-", IF(E43>=50,"B", IF(E43>=40,"C", IF(E43>=33,"D","F")))))) -> F | G43: =IF(E43>=80,5, IF(E43>=70,4, IF(E43>=60,3.5, IF(E43>=50,3, IF(E43>=40,2, IF(E43>=33,1,0)))))) -> 0
B44: Science | C44: ='7t'!H9 | D44: ='7s'!H9 | E44: =SUM(C44:D44) -> 0 | F44: =IF(E44>=80,"A+", IF(E44>=70,"A", IF(E44>=60,"A-", IF(E44>=50,"B", IF(E44>=40,"C", IF(E44>=33,"D","F")))))) -> F | G44: =IF(E44>=80,5, IF(E44>=70,4, IF(E44>=60,3.5, IF(E44>=50,3, IF(E44>=40,2, IF(E44>=33,1,0)))))) -> 0
B45: B.G.S | C45: ='7t'!I9 | D45: ='7s'!I9 | E45: =SUM(C45:D45) -> 0 | F45: =IF(E45>=80,"A+", IF(E45>=70,"A", IF(E45>=60,"A-", IF(E45>=50,"B", IF(E45>=40,"C", IF(E45>=33,"D","F")))))) -> F | G45: =IF(E45>=80,5, IF(E45>=70,4, IF(E45>=60,3.5, IF(E45>=50,3, IF(E45>=40,2, IF(E45>=33,1,0)))))) -> 0
B46: Agri. | C46: ='7t'!J9 | D46: ='7s'!J9 | E46: =SUM(C46:D46) -> 0 | F46: =IF(E46>=80,"A+", IF(E46>=70,"A", IF(E46>=60,"A-", IF(E46>=50,"B", IF(E46>=40,"C", IF(E46>=33,"D","F")))))) -> F | G46: =IF(E46>=80,5, IF(E46>=70,4, IF(E46>=60,3.5, IF(E46>=50,3, IF(E46>=40,2, IF(E46>=33,1,0)))))) -> 0
B47: Religion | C47: ='7t'!K9 | D47: ='7s'!K9 | E47: =SUM(C47:D47) -> 0 | F47: =IF(E47>=80,"A+", IF(E47>=70,"A", IF(E47>=60,"A-", IF(E47>=50,"B", IF(E47>=40,"C", IF(E47>=33,"D","F")))))) -> F | G47: =IF(E47>=80,5, IF(E47>=70,4, IF(E47>=60,3.5, IF(E47>=50,3, IF(E47>=40,2, IF(E47>=33,1,0)))))) -> 0
B48: ICT | C48: ='7t'!L9 | D48: ='7s'!L9 | E48: =SUM(C48:D48) -> 0 | F48: =IF(E48>=40,"A+", IF(E48>=35,"A", IF(E48>=30,"A-", IF(E48>=25,"B", IF(E48>=20,"C", IF(E48>=16,"D","F")))))) -> F | G48: =IF(E48>=40,5, IF(E48>=35,4, IF(E48>=30,3.5, IF(E48>=25,3, IF(E48>=20,2, IF(E48>=16,1,0)))))) -> 0
A49: SN | B49: Student’s Name | C49: ='7s'!B10 -> SUMONA AKTER
A50: 5 | B50: Subject’s Name | C50: ='7'!C38 -> 3rd Tutorial Exam (30) | D50: ='7'!D38 -> 3rd Semester Exam (70) | E50: Total Marks | F50: Grade Letter | G50: Grade Point | H50: G.P.A
B51: Bangla-1 | C51: ='7t'!C10 -> 10 | D51: ='7s'!C10 -> 24 | E51: =SUM(C51:D51) -> 34 | F51: =IF(E51>=80,"A+", IF(E51>=70,"A", IF(E51>=60,"A-", IF(E51>=50,"B", IF(E51>=40,"C", IF(E51>=33,"D","F")))))) -> D | G51: =IF(E51>=80,5, IF(E51>=70,4, IF(E51>=60,3.5, IF(E51>=50,3, IF(E51>=40,2, IF(E51>=33,1,0)))))) -> 1 | H51: =AVERAGE( VALUE(G51), VALUE(G52), VALUE(G53), VALUE(G54), VALUE(G55), VALUE(G56), VALUE(G57), VALUE(G58), VALUE(G59), VALUE(G60)) -> 1.1
B52: Bangla-2 | C52: ='7t'!D10 | D52: ='7s'!D10 -> 17 | E52: =SUM(C52:D52) -> 17 | F52: =IF(E52>=40,"A+", IF(E52>=35,"A", IF(E52>=30,"A-", IF(E52>=25,"B", IF(E52>=20,"C", IF(E52>=16,"D","F")))))) -> D | G52: =IF(E52>=40,5, IF(E52>=35,4, IF(E52>=30,3.5, IF(E52>=25,3, IF(E52>=20,2, IF(E52>=16,1,0)))))) -> 1
B53: English-1 | C53: ='7t'!E10 -> 10 | D53: ='7s'!E10 -> 25 | E53: =SUM(C53:D53) -> 35 | F53: =IF(E53>=80,"A+", IF(E53>=70,"A", IF(E53>=60,"A-", IF(E53>=50,"B", IF(E53>=40,"C", IF(E53>=33,"D","F")))))) -> D | G53: =IF(E53>=80,5, IF(E53>=70,4, IF(E53>=60,3.5, IF(E53>=50,3, IF(E53>=40,2, IF(E53>=33,1,0)))))) -> 1
B54: English-2 | C54: ='7t'!F10 | D54: ='7s'!F10 -> 25 | E54: =SUM(C54:D54) -> 25 | F54: =IF(E54>=40,"A+", IF(E54>=35,"A", IF(E54>=30,"A-", IF(E54>=25,"B", IF(E54>=20,"C", IF(E54>=16,"D","F")))))) -> B | G54: =IF(E54>=40,5, IF(E54>=35,4, IF(E54>=30,3.5, IF(E54>=25,3, IF(E54>=20,2, IF(E54>=16,1,0)))))) -> 3
B55: Mathematics | C55: ='7t'!G10 | D55: ='7s'!G10 -> 24 | E55: =SUM(C55:D55) -> 24 | F55: =IF(E55>=80,"A+", IF(E55>=70,"A", IF(E55>=60,"A-", IF(E55>=50,"B", IF(E55>=40,"C", IF(E55>=33,"D","F")))))) -> F | G55: =IF(E55>=80,5, IF(E55>=70,4, IF(E55>=60,3.5, IF(E55>=50,3, IF(E55>=40,2, IF(E55>=33,1,0)))))) -> 0
B56: Science | C56: ='7t'!H10 | D56: ='7s'!H10 -> 24 | E56: =SUM(C56:D56) -> 24 | F56: =IF(E56>=80,"A+", IF(E56>=70,"A", IF(E56>=60,"A-", IF(E56>=50,"B", IF(E56>=40,"C", IF(E56>=33,"D","F")))))) -> F | G56: =IF(E56>=80,5, IF(E56>=70,4, IF(E56>=60,3.5, IF(E56>=50,3, IF(E56>=40,2, IF(E56>=33,1,0)))))) -> 0
B57: B.G.S | C57: ='7t'!I10 -> 10 | D57: ='7s'!I10 -> 24 | E57: =SUM(C57:D57) -> 34 | F57: =IF(E57>=80,"A+", IF(E57>=70,"A", IF(E57>=60,"A-", IF(E57>=50,"B", IF(E57>=40,"C", IF(E57>=33,"D","F")))))) -> D | G57: =IF(E57>=80,5, IF(E57>=70,4, IF(E57>=60,3.5, IF(E57>=50,3, IF(E57>=40,2, IF(E57>=33,1,0)))))) -> 1
B58: Agri. | C58: ='7t'!J10 -> 13 | D58: ='7s'!J10 -> 24 | E58: =SUM(C58:D58) -> 37 | F58: =IF(E58>=80,"A+", IF(E58>=70,"A", IF(E58>=60,"A-", IF(E58>=50,"B", IF(E58>=40,"C", IF(E58>=33,"D","F")))))) -> D | G58: =IF(E58>=80,5, IF(E58>=70,4, IF(E58>=60,3.5, IF(E58>=50,3, IF(E58>=40,2, IF(E58>=33,1,0)))))) -> 1
B59: Religion | C59: ='7t'!K10 -> 10 | D59: ='7s'!K10 -> 26 | E59: =SUM(C59:D59) -> 36 | F59: =IF(E59>=80,"A+", IF(E59>=70,"A", IF(E59>=60,"A-", IF(E59>=50,"B", IF(E59>=40,"C", IF(E59>=33,"D","F")))))) -> D | G59: =IF(E59>=80,5, IF(E59>=70,4, IF(E59>=60,3.5, IF(E59>=50,3, IF(E59>=40,2, IF(E59>=33,1,0)))))) -> 1
B60: ICT | C60: ='7t'!L10 -> 12 | D60: ='7s'!L10 -> 12 | E60: =SUM(C60:D60) -> 24 | F60: =IF(E60>=40,"A+", IF(E60>=35,"A", IF(E60>=30,"A-", IF(E60>=25,"B", IF(E60>=20,"C", IF(E60>=16,"D","F")))))) -> C | G60: =IF(E60>=40,5, IF(E60>=35,4, IF(E60>=30,3.5, IF(E60>=25,3, IF(E60>=20,2, IF(E60>=16,1,0)))))) -> 2
A61: SN | B61: Student’s Name | C61: ='7s'!B11 -> SHOWRIN SHABA
A62: 6 | B62: Subject’s Name | C62: ='7'!C50 -> 3rd Tutorial Exam (30) | D62: ='7'!D50 -> 3rd Semester Exam (70) | E62: Total Marks | F62: Grade Letter | G62: Grade Point | H62: G.P.A
B63: Bangla-1 | C63: ='7t'!C11 -> 13 | D63: ='7s'!C11 -> 36 | E63: =SUM(C63:D63) -> 49 | F63: =IF(E63>=80,"A+", IF(E63>=70,"A", IF(E63>=60,"A-", IF(E63>=50,"B", IF(E63>=40,"C", IF(E63>=33,"D","F")))))) -> C | G63: =IF(E63>=80,5, IF(E63>=70,4, IF(E63>=60,3.5, IF(E63>=50,3, IF(E63>=40,2, IF(E63>=33,1,0)))))) -> 2 | H63: =AVERAGE( VALUE(G63), VALUE(G64), VALUE(G65), VALUE(G66), VALUE(G67), VALUE(G68), VALUE(G69), VALUE(G70), VALUE(G71), VALUE(G72)) -> 2.85
B64: Bangla-2 | C64: ='7t'!D11 | D64: ='7s'!D11 -> 18 | E64: =SUM(C64:D64) -> 18 | F64: =IF(E64>=40,"A+", IF(E64>=35,"A", IF(E64>=30,"A-", IF(E64>=25,"B", IF(E64>=20,"C", IF(E64>=16,"D","F")))))) -> D | G64: =IF(E64>=40,5, IF(E64>=35,4, IF(E64>=30,3.5, IF(E64>=25,3, IF(E64>=20,2, IF(E64>=16,1,0)))))) -> 1
B65: English-1 | C65: ='7t'!E11 -> 27 | D65: ='7s'!E11 -> 30 | E65: =SUM(C65:D65) -> 57 | F65: =IF(E65>=80,"A+", IF(E65>=70,"A", IF(E65>=60,"A-", IF(E65>=50,"B", IF(E65>=40,"C", IF(E65>=33,"D","F")))))) -> B | G65: =IF(E65>=80,5, IF(E65>=70,4, IF(E65>=60,3.5, IF(E65>=50,3, IF(E65>=40,2, IF(E65>=33,1,0)))))) -> 3
B66: English-2 | C66: ='7t'!F11 | D66: ='7s'!F11 -> 33 | E66: =SUM(C66:D66) -> 33 | F66: =IF(E66>=40,"A+", IF(E66>=35,"A", IF(E66>=30,"A-", IF(E66>=25,"B", IF(E66>=20,"C", IF(E66>=16,"D","F")))))) -> A- | G66: =IF(E66>=40,5, IF(E66>=35,4, IF(E66>=30,3.5, IF(E66>=25,3, IF(E66>=20,2, IF(E66>=16,1,0)))))) -> 3.5
B67: Mathematics | C67: ='7t'!G11 -> 20 | D67: ='7s'!G11 -> 62 | E67: =SUM(C67:D67) -> 82 | F67: =IF(E67>=80,"A+", IF(E67>=70,"A", IF(E67>=60,"A-", IF(E67>=50,"B", IF(E67>=40,"C", IF(E67>=33,"D","F")))))) -> A+ | G67: =IF(E67>=80,5, IF(E67>=70,4, IF(E67>=60,3.5, IF(E67>=50,3, IF(E67>=40,2, IF(E67>=33,1,0)))))) -> 5
B68: Science | C68: ='7t'!H11 -> 22 | D68: ='7s'!H11 -> 31 | E68: =SUM(C68:D68) -> 53 | F68: =IF(E68>=80,"A+", IF(E68>=70,"A", IF(E68>=60,"A-", IF(E68>=50,"B", IF(E68>=40,"C", IF(E68>=33,"D","F")))))) -> B | G68: =IF(E68>=80,5, IF(E68>=70,4, IF(E68>=60,3.5, IF(E68>=50,3, IF(E68>=40,2, IF(E68>=33,1,0)))))) -> 3
B69: B.G.S | C69: ='7t'!I11 -> 13 | D69: ='7s'!I11 -> 32 | E69: =SUM(C69:D69) -> 45 | F69: =IF(E69>=80,"A+", IF(E69>=70,"A", IF(E69>=60,"A-", IF(E69>=50,"B", IF(E69>=40,"C", IF(E69>=33,"D","F")))))) -> C | G69: =IF(E69>=80,5, IF(E69>=70,4, IF(E69>=60,3.5, IF(E69>=50,3, IF(E69>=40,2, IF(E69>=33,1,0)))))) -> 2
B70: Agri. | C70: ='7t'!J11 -> 21 | D70: ='7s'!J11 -> 43 | E70: =SUM(C70:D70) -> 64 | F70: =IF(E70>=80,"A+", IF(E70>=70,"A", IF(E70>=60,"A-", IF(E70>=50,"B", IF(E70>=40,"C", IF(E70>=33,"D","F")))))) -> A- | G70: =IF(E70>=80,5, IF(E70>=70,4, IF(E70>=60,3.5, IF(E70>=50,3, IF(E70>=40,2, IF(E70>=33,1,0)))))) -> 3.5
B71: Religion | C71: ='7t'!K11 -> 14 | D71: ='7s'!K11 -> 33 | E71: =SUM(C71:D71) -> 47 | F71: =IF(E71>=80,"A+", IF(E71>=70,"A", IF(E71>=60,"A-", IF(E71>=50,"B", IF(E71>=40,"C", IF(E71>=33,"D","F")))))) -> C | G71: =IF(E71>=80,5, IF(E71>=70,4, IF(E71>=60,3.5, IF(E71>=50,3, IF(E71>=40,2, IF(E71>=33,1,0)))))) -> 2
B72: ICT | C72: ='7t'!L11 -> 15 | D72: ='7s'!L11 -> 15 | E72: =SUM(C72:D72) -> 30 | F72: =IF(E72>=40,"A+", IF(E72>=35,"A", IF(E72>=30,"A-", IF(E72>=25,"B", IF(E72>=20,"C", IF(E72>=16,"D","F")))))) -> A- | G72: =IF(E72>=40,5, IF(E72>=35,4, IF(E72>=30,3.5, IF(E72>=25,3, IF(E72>=20,2, IF(E72>=16,1,0)))))) -> 3.5

Sheet 7r
A1: Hemayetpur Laboratory School and College
A2: Annual Examination Results-2025
A3: Class: Seven
A4: SN | B4: Student’s Name | C4: Rank
C5: G.P.A | D5: Rank
A6: 1 | B6: RAFIYA AKTER | C6: ='7'!H3 -> 4.4 | D6: =RANK(C6,$C$6:$C$11) -> 1
A7: 2 | B7: MASUMA AKTER | C7: ='7'!H15 -> 3.9 | D7: =RANK(C7,$C$6:$C$11) -> 2
A8: 3 | B8: SUMAYIA AKTER | C8: ='7'!H27 -> 1.2 | D8: =RANK(C8,$C$6:$C$11) -> 4
A9: 4 | B9: JANNAT AKTER | C9: ='7'!H39 -> 0 | D9: =RANK(C9,$C$6:$C$11) -> 6
A10: 5 | B10: SUMONA AKTER | C10: ='7'!H51 -> 1.1 | D10: =RANK(C10,$C$6:$C$11) -> 5
A11: 6 | B11: SHOWRIN SHABA | C11: ='7'!H63 -> 2.85 | D11: =RANK(C11,$C$6:$C$11) -> 3

Sheet 8t
A1: Hemayetpur Laboratory School and College
A2: 3rd Tutorial Examination Marksheet-2025
A3: Class: Eight
A4: SN | B4: Student’s Name | C4: Subject’s Name & Marks
C5: Bangla-1 | D5: Bangla-2 | E5: English -1 | F5: English -2 | G5: Math. | H5: Science | I5: B.G.S | J5: Agri. | K5: Religion | L5: ICT | M5: Total | N5: Rank
A6: 1 | B6: TANVIN ISLAM | C6: 28 | E6: 10 | G6: 20 | H6: 18 | I6: 19 | J6: 30 | K6: 30 | L6: 17 | M6: =SUM(C6:L6) -> 172 | N6: =RANK(M6,$M$6:$M$17) -> 1
A7: 2 | B7: RAJU ISLAM | C7: 25 | E7: 10 | G7: 10 | J7: 20 | K7: 20 | L7: 17 | M7: =SUM(C7:K7) -> 85 | N7: =RANK(M7,$M$6:$M$17) -> 7
A8: 3 | B8: MAINUL ISLAM | C8: 15 | E8: 11 | G8: 10 | H8: 15 | I8: 14 | J8: 20 | K8: 18 | L8: 16 | M8: =SUM(C8:K8) -> 103 | N8: =RANK(M8,$M$6:$M$17) -> 5
A9: 4 | B9: MIM AKTER | C9: 12 | E9: 10 | G9: 10 | H9: 13 | I9: 13 | J9: 24 | K9: 25 | L9: 10 | M9: =SUM(C9:K9) -> 107 | N9: =RANK(M9,$M$6:$M$17) -> 4
A10: 5 | B10: ALIF HOSSAIN | C10: 10 | E10: 10 | G10: 10 | I10: 10 | J10: 10 | K10: 10 | L10: 14 | M10: =SUM(C10:L10) -> 74 | N10: =RANK(M10,$M$6:$M$17) -> 9
A11: 6 | B11: SIAM AHAMED | C11: 10 | E11: 10 | G11: 10 | I11: 10 | J11: 10 | K11: 10 | L11: 10 | M11: =SUM(C11:K11) -> 60 | N11: =RANK(M11,$M$6:$M$17) -> 11
A12: 7 | B12: SUMIYA AKTER | C12: 11 | E12: 10 | G12: 10 | H12: 10 | I12: 12 | J12: 10 | K12: 10 | L12: 10 | M12: =SUM(C12:L12) -> 83 | N12: =RANK(M12,$M$6:$M$17) -> 8
A13: 8 | B13: SAMIHA AKTER | C13: 10 | E13: 10 | G13: 10 | H13: 10 | I13: 10 | J13: 10 | K13: 10 | L13: 9 | M13: =SUM(C13:K13) -> 70 | N13: =RANK(M13,$M$6:$M$17) -> 10
A14: 9 | B14: TASMIYA AKTER | C14: 11 | E14: 10 | G14: 10 | H14: 10 | I14: 10 | J14: 17 | K14: 17 | L14: 10 | M14: =SUM(C14:L14) -> 95 | N14: =RANK(M14,$M$6:$M$17) -> 6
A15: 10 | B15: SHKIL | C15: 17 | E15: 18 | G15: 10 | H15: 14 | I15: 18 | J15: 30 | K15: 29 | L15: 11 | M15: =SUM(C15:K15) -> 136 | N15: =RANK(M15,$M$6:$M$17) -> 2
A16: 11 | B16: RAKIB HASAN | L16: 16 | M16: =SUM(C16:K16) -> 0 | N16: =RANK(M16,$M$6:$M$17) -> 12
A17: 12 | B17: SOUROV ISLAM | C17: 15 | E17: 18 | G17: 23 | H17: 17 | I17: 13 | J17: 20 | K17: 20 | L17: 16 | M17: =SUM(C17:K17) -> 126 | N17: =RANK(M17,$M$6:$M$17) -> 3

Sheet 8s
A1: Hemayetpur Laboratory School and College
A2: 3rd Tutorial Examination Marksheet-2025
A3: Class: Eight
A4: SN | B4: Student’s Name | C4: Subject’s Name & Marks
C5: Bangla-1 | D5: Bangla-2 | E5: English -1 | F5: English -2 | G5: Math. | H5: Science | I5: B.G.S | J5: Agri. | K5: Religion | L5: ICT | M5: Total | N5: Rank
A6: 1 | B6: TANVIN ISLAM | C6: 24 | D6: 26 | E6: 24 | F6: 17 | G6: 24 | H6: 35 | I6: 42 | J6: 30 | K6: 24 | L6: 17 | M6: =SUM(C6:L6) -> 263 | N6: =RANK(M6,$M$6:$M$17) -> 1
A7: 2 | B7: RAJU ISLAM | C7: 24 | D7: 17 | E7: 24 | F7: 17 | G7: 24 | H7: 24 | I7: 35 | J7: 29 | K7: 24 | L7: 17 | M7: 100 | N7: =RANK(M7,$M$6:$M$17) -> 12
A8: 3 | B8: MAINUL ISLAM | C8: 24 | D8: 20 | E8: 24 | F8: 17 | G8: 24 | H8: 24 | I8: 24 | J8: 24 | K8: 24 | L8: 16 | M8: =SUM(C8:L8) -> 221 | N8: =RANK(M8,$M$6:$M$17) -> 5
A9: 4 | B9: MIM AKTER | C9: 24 | D9: 31 | E9: 24 | F9: 17 | G9: 24 | H9: 28 | I9: 40 | J9: 40 | K9: 24 | L9: 10 | M9: =SUM(C9:L9) -> 262 | N9: =RANK(M9,$M$6:$M$17) -> 2
A10: 5 | B10: ALIF HOSSAIN | C10: 24 | D10: 17 | E10: 24 | F10: 17 | G10: 24 | H10: 24 | I10: 24 | J10: 24 | K10: 24 | L10: 14 | M10: =SUM(C10:L10) -> 216 | N10: =RANK(M10,$M$6:$M$17) -> 8
A11: 6 | B11: SIAM AHAMED | C11: 24 | D11: 17 | E11: 24 | F11: 17 | G11: 24 | H11: 24 | I11: 24 | J11: 24 | K11: 24 | L11: 10 | M11: =SUM(C11:L11) -> 212 | N11: =RANK(M11,$M$6:$M$17) -> 10
A12: 7 | B12: SUMIYA AKTER | C12: 24 | D12: 17 | E12: 24 | F12: 17 | G12: 24 | H12: 24 | I12: 26 | J12: 24 | K12: 24 | L12: 10 | M12: =SUM(C12:L12) -> 214 | N12: =RANK(M12,$M$6:$M$17) -> 9
A13: 8 | B13: SAMIHA AKTER | C13: 24 | D13: 17 | E13: 24 | F13: 17 | G13: 24 | H13: 24 | I13: 24 | J13: 24 | K13: 24 | L13: 9 | M13: =SUM(C13:L13) -> 211 | N13: =RANK(M13,$M$6:$M$17) -> 11
A14: 9 | B14: TASMIYA AKTER | C14: 24 | D14: 18 | E14: 24 | F14: 17 | G14: 24 | H14: 24 | I14: 29 | J14: 24 | K14: 24 | L14: 10 | M14: =SUM(C14:L14) -> 218 | N14: =RANK(M14,$M$6:$M$17) -> 6
A15: 10 | B15: SHKIL | C15: 24 | D15: 27 | E15: 24 | F15: 17 | G15: 24 | H15: 24 | I15: 24 | J15: 24 | K15: 24 | L15: 11 | M15: =SUM(C15:L15) -> 223 | N15: =RANK(M15,$M$6:$M$17) -> 4
A16: 11 | B16: RAKIB HASAN | C16: 24 | D16: 17 | E16: 24 | F16: 17 | G16: 24 | H16: 24 | I16: 24 | J16: 24 | K16: 24 | L16: 16 | M16: =SUM(C16:L16) -> 218 | N16: =RANK(M16,$M$6:$M$17) -> 6
A17: 12 | B17: SOUROV ISLAM | C17: 24 | D17: 17 | E17: 24 | F17: 17 | G17: 24 | H17: 28 | I17: 24 | J17: 30 | K17: 24 | L17: 16 | M17: =SUM(C17:L17) -> 228 | N17: =RANK(M17,$M$6:$M$17) -> 3

Sheet 8
A1: SN | B1: Student’s Name | C1: ='8s'!B6 -> TANVIN ISLAM
A2: 1 | B2: Subject’s Name | C2: 3rd Tutorial Exam (30) | D2: 3rd Semester Exam (70) | E2: Total Marks | F2: Grade Letter | G2: Grade Point | H2: G.P.A
B3: Bangla-1 | C3: ='8t'!C6 -> 28 | D3: ='8s'!C6 -> 24 | E3: =SUM(C3:D3) -> 52 | F3: =IF(E3>=80,"A+", IF(E3>=70,"A", IF(E3>=60,"A-", IF(E3>=50,"B", IF(E3>=40,"C", IF(E3>=33,"D","F")))))) -> B | G3: =IF(E3>=80,5, IF(E3>=70,4, IF(E3>=60,3.5, IF(E3>=50,3, IF(E3>=40,2, IF(E3>=33,1,0)))))) -> 3 | H3: =AVERAGE( VALUE(G3), VALUE(G4), VALUE(G5), VALUE(G6), VALUE(G7), VALUE(G8), VALUE(G9), VALUE(G10), VALUE(G11), VALUE(G12)) -> 2.65
B4: Bangla-2 | C4: ='8t'!D6 | D4: ='8s'!D6 -> 26 | E4: =SUM(C4:D4) -> 26 | F4: =IF(E4>=40,"A+", IF(E4>=35,"A", IF(E4>=30,"A-", IF(E4>=25,"B", IF(E4>=20,"C", IF(E4>=16,"D","F")))))) -> B | G4: =IF(E4>=40,5, IF(E4>=35,4, IF(E4>=30,3.5, IF(E4>=25,3, IF(E4>=20,2, IF(E4>=16,1,0)))))) -> 3
B5: English-1 | C5: ='8t'!E6 -> 10 | D5: ='8s'!E6 -> 24 | E5: =SUM(C5:D5) -> 34 | F5: =IF(E5>=80,"A+", IF(E5>=70,"A", IF(E5>=60,"A-", IF(E5>=50,"B", IF(E5>=40,"C", IF(E5>=33,"D","F")))))) -> D | G5: =IF(E5>=80,5, IF(E5>=70,4, IF(E5>=60,3.5, IF(E5>=50,3, IF(E5>=40,2, IF(E5>=33,1,0)))))) -> 1
B6: English-2 | C6: ='8t'!F6 | D6: ='8s'!F6 -> 17 | E6: =SUM(C6:D6) -> 17 | F6: =IF(E6>=40,"A+", IF(E6>=35,"A", IF(E6>=30,"A-", IF(E6>=25,"B", IF(E6>=20,"C", IF(E6>=16,"D","F")))))) -> D | G6: =IF(E6>=40,5, IF(E6>=35,4, IF(E6>=30,3.5, IF(E6>=25,3, IF(E6>=20,2, IF(E6>=16,1,0)))))) -> 1
B7: Mathematics | C7: ='8t'!G6 -> 20 | D7: ='8s'!G6 -> 24 | E7: =SUM(C7:D7) -> 44 | F7: =IF(E7>=80,"A+", IF(E7>=70,"A", IF(E7>=60,"A-", IF(E7>=50,"B", IF(E7>=40,"C", IF(E7>=33,"D","F")))))) -> C | G7: =IF(E7>=80,5, IF(E7>=70,4, IF(E7>=60,3.5, IF(E7>=50,3, IF(E7>=40,2, IF(E7>=33,1,0)))))) -> 2
B8: Science | C8: ='8t'!H6 -> 18 | D8: ='8s'!H6 -> 35 | E8: =SUM(C8:D8) -> 53 | F8: =IF(E8>=80,"A+", IF(E8>=70,"A", IF(E8>=60,"A-", IF(E8>=50,"B", IF(E8>=40,"C", IF(E8>=33,"D","F")))))) -> B | G8: =IF(E8>=80,5, IF(E8>=70,4, IF(E8>=60,3.5, IF(E8>=50,3, IF(E8>=40,2, IF(E8>=33,1,0)))))) -> 3
B9: B.G.S | C9: ='8t'!I6 -> 19 | D9: ='8s'!I6 -> 42 | E9: =SUM(C9:D9) -> 61 | F9: =IF(E9>=80,"A+", IF(E9>=70,"A", IF(E9>=60,"A-", IF(E9>=50,"B", IF(E9>=40,"C", IF(E9>=33,"D","F")))))) -> A- | G9: =IF(E9>=80,5, IF(E9>=70,4, IF(E9>=60,3.5, IF(E9>=50,3, IF(E9>=40,2, IF(E9>=33,1,0)))))) -> 3.5
B10: Agri. | C10: ='8t'!J6 -> 30 | D10: ='8s'!J6 -> 30 | E10: =SUM(C10:D10) -> 60 | F10: =IF(E10>=80,"A+", IF(E10>=70,"A", IF(E10>=60,"A-", IF(E10>=50,"B", IF(E10>=40,"C", IF(E10>=33,"D","F")))))) -> A- | G10: =IF(E10>=80,5, IF(E10>=70,4, IF(E10>=60,3.5, IF(E10>=50,3, IF(E10>=40,2, IF(E10>=33,1,0)))))) -> 3.5
B11: Religion | C11: ='8t'!K6 -> 30 | D11: ='8s'!K6 -> 24 | E11: =SUM(C11:D11) -> 54 | F11: =IF(E11>=80,"A+", IF(E11>=70,"A", IF(E11>=60,"A-", IF(E11>=50,"B", IF(E11>=40,"C", IF(E11>=33,"D","F")))))) -> B | G11: =IF(E11>=80,5, IF(E11>=70,4, IF(E11>=60,3.5, IF(E11>=50,3, IF(E11>=40,2, IF(E11>=33,1,0)))))) -> 3
B12: ICT | C12: ='8t'!L6 -> 17 | D12: ='8s'!L6 -> 17 | E12: =SUM(C12:D12) -> 34 | F12: =IF(E12>=40,"A+", IF(E12>=35,"A", IF(E12>=30,"A-", IF(E12>=25,"B", IF(E12>=20,"C", IF(E12>=16,"D","F")))))) -> A- | G12: =IF(E12>=40,5, IF(E12>=35,4, IF(E12>=30,3.5, IF(E12>=25,3, IF(E12>=20,2, IF(E12>=16,1,0)))))) -> 3.5
A13: SN | B13: Student’s Name | C13: ='8s'!B7 -> RAJU ISLAM
A14: 2 | B14: Subject’s Name | C14: ='8'!C2 -> 3rd Tutorial Exam (30) | D14: ='8'!D2 -> 3rd Semester Exam (70) | E14: Total Marks | F14: Grade Letter | G14: Grade Point | H14: G.P.A
B15: Bangla-1 | C15: ='8t'!C7 -> 25 | D15: ='8s'!C7 -> 24 | E15: =SUM(C15:D15) -> 49 | F15: =IF(E15>=80,"A+", IF(E15>=70,"A", IF(E15>=60,"A-", IF(E15>=50,"B", IF(E15>=40,"C", IF(E15>=33,"D","F")))))) -> C | G15: =IF(E15>=80,5, IF(E15>=70,4, IF(E15>=60,3.5, IF(E15>=50,3, IF(E15>=40,2, IF(E15>=33,1,0)))))) -> 2 | H15: =AVERAGE( VALUE(G15), VALUE(G16), VALUE(G17), VALUE(G18), VALUE(G19), VALUE(G20), VALUE(G21), VALUE(G22), VALUE(G23), VALUE(G24)) -> 1.75
B16: Bangla-2 | C16: ='8t'!D7 | D16: ='8s'!D7 -> 17 | E16: =SUM(C16:D16) -> 17 | F16: =IF(E16>=40,"A+", IF(E16>=35,"A", IF(E16>=30,"A-", IF(E16>=25,"B", IF(E16>=20,"C", IF(E16>=16,"D","F")))))) -> D | G16: =IF(E16>=40,5, IF(E16>=35,4, IF(E16>=30,3.5, IF(E16>=25,3, IF(E16>=20,2, IF(E16>=16,1,0)))))) -> 1
B17: English-1 | C17: ='8t'!E7 -> 10 | D17: ='8s'!E7 -> 24 | E17: =SUM(C17:D17) -> 34 | F17: =IF(E17>=80,"A+", IF(E17>=70,"A", IF(E17>=60,"A-", IF(E17>=50,"B", IF(E17>=40,"C", IF(E17>=33,"D","F")))))) -> D | G17: =IF(E17>=80,5, IF(E17>=70,4, IF(E17>=60,3.5, IF(E17>=50,3, IF(E17>=40,2, IF(E17>=33,1,0)))))) -> 1
B18: English-2 | C18: ='8t'!F7 | D18: ='8s'!F7 -> 17 | E18: =SUM(C18:D18) -> 17 | F18: =IF(E18>=40,"A+", IF(E18>=35,"A", IF(E18>=30,"A-", IF(E18>=25,"B", IF(E18>=20,"C", IF(E18>=16,"D","F")))))) -> D | G18: =IF(E18>=40,5, IF(E18>=35,4, IF(E18>=30,3.5, IF(E18>=25,3, IF(E18>=20,2, IF(E18>=16,1,0)))))) -> 1
B19: Mathematics | C19: ='8t'!G7 -> 10 | D19: ='8s'!G7 -> 24 | E19: =SUM(C19:D19) -> 34 | F19: =IF(E19>=80,"A+", IF(E19>=70,"A", IF(E19>=60,"A-", IF(E19>=50,"B", IF(E19>=40,"C", IF(E19>=33,"D","F")))))) -> D | G19: =IF(E19>=80,5, IF(E19>=70,4, IF(E19>=60,3.5, IF(E19>=50,3, IF(E19>=40,2, IF(E19>=33,1,0)))))) -> 1
B20: Science | C20: ='7t'!H7 -> 28 | D20: ='8s'!H7 -> 24 | E20: =SUM(C20:D20) -> 52 | F20: =IF(E20>=80,"A+", IF(E20>=70,"A", IF(E20>=60,"A-", IF(E20>=50,"B", IF(E20>=40,"C", IF(E20>=33,"D","F")))))) -> B | G20: =IF(E20>=80,5, IF(E20>=70,4, IF(E20>=60,3.5, IF(E20>=50,3, IF(E20>=40,2, IF(E20>=33,1,0)))))) -> 3
B21: B.G.S | C21: ='8t'!I7 | D21: ='8s'!I7 -> 35 | E21: =SUM(C21:D21) -> 35 | F21: =IF(E21>=80,"A+", IF(E21>=70,"A", IF(E21>=60,"A-", IF(E21>=50,"B", IF(E21>=40,"C", IF(E21>=33,"D","F")))))) -> D | G21: =IF(E21>=80,5, IF(E21>=70,4, IF(E21>=60,3.5, IF(E21>=50,3, IF(E21>=40,2, IF(E21>=33,1,0)))))) -> 1
B22: Agri. | C22: ='8t'!J7 -> 20 | D22: ='8s'!J7 -> 29 | E22: =SUM(C22:D22) -> 49 | F22: =IF(E22>=80,"A+", IF(E22>=70,"A", IF(E22>=60,"A-", IF(E22>=50,"B", IF(E22>=40,"C", IF(E22>=33,"D","F")))))) -> C | G22: =IF(E22>=80,5, IF(E22>=70,4, IF(E22>=60,3.5, IF(E22>=50,3, IF(E22>=40,2, IF(E22>=33,1,0)))))) -> 2
B23: Religion | C23: ='8t'!K7 -> 20 | D23: ='8s'!K7 -> 24 | E23: =SUM(C23:D23) -> 44 | F23: =IF(E23>=80,"A+", IF(E23>=70,"A", IF(E23>=60,"A-", IF(E23>=50,"B", IF(E23>=40,"C", IF(E23>=33,"D","F")))))) -> C | G23: =IF(E23>=80,5, IF(E23>=70,4, IF(E23>=60,3.5, IF(E23>=50,3, IF(E23>=40,2, IF(E23>=33,1,0)))))) -> 2
B24: ICT | C24: ='8t'!L7 -> 17 | D24: ='8s'!L7 -> 17 | E24: =SUM(C24:D24) -> 34 | F24: =IF(E24>=40,"A+", IF(E24>=35,"A", IF(E24>=30,"A-", IF(E24>=25,"B", IF(E24>=20,"C", IF(E24>=16,"D","F")))))) -> A- | G24: =IF(E24>=40,5, IF(E24>=35,4, IF(E24>=30,3.5, IF(E24>=25,3, IF(E24>=20,2, IF(E24>=16,1,0)))))) -> 3.5
A25: SN | B25: Student’s Name | C25: ='8s'!B8 -> MAINUL ISLAM
A26: 3 | B26: Subject’s Name | C26: ='8'!C14 -> 3rd Tutorial Exam (30) | D26: ='8'!D14 -> 3rd Semester Exam (70) | E26: Total Marks | F26: Grade Letter | G26: Grade Point | H26: G.P.A
B27: Bangla-1 | C27: ='8t'!C8 -> 15 | D27: ='8s'!C8 -> 24 | E27: =SUM(C27:D27) -> 39 | F27: =IF(E27>=80,"A+", IF(E27>=70,"A", IF(E27>=60,"A-", IF(E27>=50,"B", IF(E27>=40,"C", IF(E27>=33,"D","F")))))) -> D | G27: =IF(E27>=80,5, IF(E27>=70,4, IF(E27>=60,3.5, IF(E27>=50,3, IF(E27>=40,2, IF(E27>=33,1,0)))))) -> 1 | H27: =AVERAGE( VALUE(G27), VALUE(G28), VALUE(G29), VALUE(G30), VALUE(G31), VALUE(G32), VALUE(G33), VALUE(G34), VALUE(G35), VALUE(G36)) -> 1.55
B28: Bangla-2 | C28: ='8t'!D8 | D28: ='8s'!D8 -> 20 | E28: =SUM(C28:D28) -> 20 | F28: =IF(E28>=40,"A+", IF(E28>=35,"A", IF(E28>=30,"A-", IF(E28>=25,"B", IF(E28>=20,"C", IF(E28>=16,"D","F")))))) -> C | G28: =IF(E28>=40,5, IF(E28>=35,4, IF(E28>=30,3.5, IF(E28>=25,3, IF(E28>=20,2, IF(E28>=16,1,0)))))) -> 2
B29: English-1 | C29: ='8t'!E8 -> 11 | D29: ='8s'!E8 -> 24 | E29: =SUM(C29:D29) -> 35 | F29: =IF(E29>=80,"A+", IF(E29>=70,"A", IF(E29>=60,"A-", IF(E29>=50,"B", IF(E29>=40,"C", IF(E29>=33,"D","F")))))) -> D | G29: =IF(E29>=80,5, IF(E29>=70,4, IF(E29>=60,3.5, IF(E29>=50,3, IF(E29>=40,2, IF(E29>=33,1,0)))))) -> 1
B30: English-2 | C30: ='8t'!F8 | D30: ='8s'!F8 -> 17 | E30: =SUM(C30:D30) -> 17 | F30: =IF(E30>=40,"A+", IF(E30>=35,"A", IF(E30>=30,"A-", IF(E30>=25,"B", IF(E30>=20,"C", IF(E30>=16,"D","F")))))) -> D | G30: =IF(E30>=40,5, IF(E30>=35,4, IF(E30>=30,3.5, IF(E30>=25,3, IF(E30>=20,2, IF(E30>=16,1,0)))))) -> 1
B31: Mathematics | C31: ='8t'!G8 -> 10 | D31: ='8s'!G8 -> 24 | E31: =SUM(C31:D31) -> 34 | F31: =IF(E31>=80,"A+", IF(E31>=70,"A", IF(E31>=60,"A-", IF(E31>=50,"B", IF(E31>=40,"C", IF(E31>=33,"D","F")))))) -> D | G31: =IF(E31>=80,5, IF(E31>=70,4, IF(E31>=60,3.5, IF(E31>=50,3, IF(E31>=40,2, IF(E31>=33,1,0)))))) -> 1
B32: Science | C32: ='8t'!H8 -> 15 | D32: ='8s'!H8 -> 24 | E32: =SUM(C32:D32) -> 39 | F32: =IF(E32>=80,"A+", IF(E32>=70,"A", IF(E32>=60,"A-", IF(E32>=50,"B", IF(E32>=40,"C", IF(E32>=33,"D","F")))))) -> D | G32: =IF(E32>=80,5, IF(E32>=70,4, IF(E32>=60,3.5, IF(E32>=50,3, IF(E32>=40,2, IF(E32>=33,1,0)))))) -> 1
B33: B.G.S | C33: ='8t'!I8 -> 14 | D33: ='8s'!I8 -> 24 | E33: =SUM(C33:D33) -> 38 | F33: =IF(E33>=80,"A+", IF(E33>=70,"A", IF(E33>=60,"A-", IF(E33>=50,"B", IF(E33>=40,"C", IF(E33>=33,"D","F")))))) -> D | G33: =IF(E33>=80,5, IF(E33>=70,4, IF(E33>=60,3.5, IF(E33>=50,3, IF(E33>=40,2, IF(E33>=33,1,0)))))) -> 1
B34: Agri. | C34: ='8t'!J8 -> 20 | D34: ='8s'!J8 -> 24 | E34: =SUM(C34:D34) -> 44 | F34: =IF(E34>=80,"A+", IF(E34>=70,"A", IF(E34>=60,"A-", IF(E34>=50,"B", IF(E34>=40,"C", IF(E34>=33,"D","F")))))) -> C | G34: =IF(E34>=80,5, IF(E34>=70,4, IF(E34>=60,3.5, IF(E34>=50,3, IF(E34>=40,2, IF(E34>=33,1,0)))))) -> 2
B35: Religion | C35: ='8t'!K8 -> 18 | D35: ='8s'!K8 -> 24 | E35: =SUM(C35:D35) -> 42 | F35: =IF(E35>=80,"A+", IF(E35>=70,"A", IF(E35>=60,"A-", IF(E35>=50,"B", IF(E35>=40,"C", IF(E35>=33,"D","F")))))) -> C | G35: =IF(E35>=80,5, IF(E35>=70,4, IF(E35>=60,3.5, IF(E35>=50,3, IF(E35>=40,2, IF(E35>=33,1,0)))))) -> 2
B36: ICT | C36: ='8t'!L8 -> 16 | D36: ='8s'!L8 -> 16 | E36: =SUM(C36:D36) -> 32 | F36: =IF(E36>=40,"A+", IF(E36>=35,"A", IF(E36>=30,"A-", IF(E36>=25,"B", IF(E36>=20,"C", IF(E36>=16,"D","F")))))) -> A- | G36: =IF(E36>=40,5, IF(E36>=35,4, IF(E36>=30,3.5, IF(E36>=25,3, IF(E36>=20,2, IF(E36>=16,1,0)))))) -> 3.5
A37: SN | B37: Student’s Name | C37: ='8s'!B9 -> MIM AKTER
A38: 4 | B38: Subject’s Name | C38: ='8'!C26 -> 3rd Tutorial Exam (30) | D38: ='8'!D26 -> 3rd Semester Exam (70) | E38: Total Marks | F38: Grade Letter | G38: Grade Point | H38: G.P.A
B39: Bangla-1 | C39: ='8t'!C9 -> 12 | D39: ='8s'!C9 -> 24 | E39: =SUM(C39:D39) -> 36 | F39: =IF(E39>=80,"A+", IF(E39>=70,"A", IF(E39>=60,"A-", IF(E39>=50,"B", IF(E39>=40,"C", IF(E39>=33,"D","F")))))) -> D | G39: =IF(E39>=80,5, IF(E39>=70,4, IF(E39>=60,3.5, IF(E39>=50,3, IF(E39>=40,2, IF(E39>=33,1,0)))))) -> 1 | H39: =AVERAGE( VALUE(G39), VALUE(G40), VALUE(G41), VALUE(G42), VALUE(G43), VALUE(G44), VALUE(G45), VALUE(G46), VALUE(G47), VALUE(G48)) -> 2.25
B40: Bangla-2 | C40: ='8t'!D9 | D40: ='8s'!D9 -> 31 | E40: =SUM(C40:D40) -> 31 | F40: =IF(E40>=40,"A+", IF(E40>=35,"A", IF(E40>=30,"A-", IF(E40>=25,"B", IF(E40>=20,"C", IF(E40>=16,"D","F")))))) -> A- | G40: =IF(E40>=40,5, IF(E40>=35,4, IF(E40>=30,3.5, IF(E40>=25,3, IF(E40>=20,2, IF(E40>=16,1,0)))))) -> 3.5
B41: English-1 | C41: ='8t'!E9 -> 10 | D41: ='8s'!E9 -> 24 | E41: =SUM(C41:D41) -> 34 | F41: =IF(E41>=40,"A+", IF(E41>=35,"A", IF(E41>=30,"A-", IF(E41>=25,"B", IF(E41>=20,"C", IF(E41>=16,"D","F")))))) -> A- | G41: =IF(E41>=40,5, IF(E41>=35,4, IF(E41>=30,3.5, IF(E41>=25,3, IF(E41>=20,2, IF(E41>=16,1,0)))))) -> 3.5
B42: English-2 | C42: ='8t'!F9 | D42: ='8s'!F9 -> 17 | E42: =SUM(C42:D42) -> 17 | F42: =IF(E42>=40,"A+", IF(E42>=35,"A", IF(E42>=30,"A-", IF(E42>=25,"B", IF(E42>=20,"C", IF(E42>=16,"D","F")))))) -> D | G42: =IF(E42>=40,5, IF(E42>=35,4, IF(E42>=30,3.5, IF(E42>=25,3, IF(E42>=20,2, IF(E42>=16,1,0)))))) -> 1
B43: Mathematics | C43: ='8t'!G9 -> 10 | D43: ='8s'!G9 -> 24 | E43: =SUM(C43:D43) -> 34 | F43: =IF(E43>=80,"A+", IF(E43>=70,"A", IF(E43>=60,"A-", IF(E43>=50,"B", IF(E43>=40,"C", IF(E43>=33,"D","F")))))) -> D | G43: =IF(E43>=80,5, IF(E43>=70,4, IF(E43>=60,3.5, IF(E43>=50,3, IF(E43>=40,2, IF(E43>=33,1,0)))))) -> 1
B44: Science | C44: ='8t'!H9 -> 13 | D44: ='8s'!H9 -> 28 | E44: =SUM(C44:D44) -> 41 | F44: =IF(E44>=80,"A+", IF(E44>=70,"A", IF(E44>=60,"A-", IF(E44>=50,"B", IF(E44>=40,"C", IF(E44>=33,"D","F")))))) -> C | G44: =IF(E44>=80,5, IF(E44>=70,4, IF(E44>=60,3.5, IF(E44>=50,3, IF(E44>=40,2, IF(E44>=33,1,0)))))) -> 2
B45: B.G.S | C45: ='8t'!I9 -> 13 | D45: ='8s'!I9 -> 40 | E45: =SUM(C45:D45) -> 53 | F45: =IF(E45>=80,"A+", IF(E45>=70,"A", IF(E45>=60,"A-", IF(E45>=50,"B", IF(E45>=40,"C", IF(E45>=33,"D","F")))))) -> B | G45: =IF(E45>=80,5, IF(E45>=70,4, IF(E45>=60,3.5, IF(E45>=50,3, IF(E45>=40,2, IF(E45>=33,1,0)))))) -> 3
B46: Agri. | C46: ='8t'!J9 -> 24 | D46: ='8s'!J9 -> 40 | E46: =SUM(C46:D46) -> 64 | F46: =IF(E46>=80,"A+", IF(E46>=70,"A", IF(E46>=60,"A-", IF(E46>=50,"B", IF(E46>=40,"C", IF(E46>=33,"D","F")))))) -> A- | G46: =IF(E46>=80,5, IF(E46>=70,4, IF(E46>=60,3.5, IF(E46>=50,3, IF(E46>=40,2, IF(E46>=33,1,0)))))) -> 3.5
B47: Religion | C47: ='8t'!K9 -> 25 | D47: ='8s'!K9 -> 24 | E47: =SUM(C47:D47) -> 49 | F47: =IF(E47>=80,"A+", IF(E47>=70,"A", IF(E47>=60,"A-", IF(E47>=50,"B", IF(E47>=40,"C", IF(E47>=33,"D","F")))))) -> C | G47: =IF(E47>=80,5, IF(E47>=70,4, IF(E47>=60,3.5, IF(E47>=50,3, IF(E47>=40,2, IF(E47>=33,1,0)))))) -> 2
B48: ICT | C48: ='8t'!L9 -> 10 | D48: ='8s'!L9 -> 10 | E48: =SUM(C48:D48) -> 20 | F48: =IF(E48>=40,"A+", IF(E48>=35,"A", IF(E48>=30,"A-", IF(E48>=25,"B", IF(E48>=20,"C", IF(E48>=16,"D","F")))))) -> C | G48: =IF(E48>=40,5, IF(E48>=35,4, IF(E48>=30,3.5, IF(E48>=25,3, IF(E48>=20,2, IF(E48>=16,1,0)))))) -> 2
A49: SN | B49: Student’s Name | C49: ='8s'!B10 -> ALIF HOSSAIN
A50: 5 | B50: Subject’s Name | C50: ='8'!C38 -> 3rd Tutorial Exam (30) | D50: ='8'!D38 -> 3rd Semester Exam (70) | E50: Total Marks | F50: Grade Letter | G50: Grade Point | H50: G.P.A
B51: Bangla-1 | C51: ='8t'!C10 -> 10 | D51: ='8s'!C10 -> 24 | E51: =SUM(C51:D51) -> 34 | F51: =IF(E51>=80,"A+", IF(E51>=70,"A", IF(E51>=60,"A-", IF(E51>=50,"B", IF(E51>=40,"C", IF(E51>=33,"D","F")))))) -> D | G51: =IF(E51>=80,5, IF(E51>=70,4, IF(E51>=60,3.5, IF(E51>=50,3, IF(E51>=40,2, IF(E51>=33,1,0)))))) -> 1 | H51: =AVERAGE( VALUE(G51), VALUE(G52), VALUE(G53), VALUE(G54), VALUE(G55), VALUE(G56), VALUE(G57), VALUE(G58), VALUE(G59), VALUE(G60)) -> 1.1
B52: Bangla-2 | C52: ='8t'!D10 | D52: ='8s'!D10 -> 17 | E52: =SUM(C52:D52) -> 17 | F52: =IF(E52>=40,"A+", IF(E52>=35,"A", IF(E52>=30,"A-", IF(E52>=25,"B", IF(E52>=20,"C", IF(E52>=16,"D","F")))))) -> D | G52: =IF(E52>=40,5, IF(E52>=35,4, IF(E52>=30,3.5, IF(E52>=25,3, IF(E52>=20,2, IF(E52>=16,1,0)))))) -> 1
B53: English-1 | C53: ='8t'!E10 -> 10 | D53: ='8s'!E10 -> 24 | E53: =SUM(C53:D53) -> 34 | F53: =IF(E53>=80,"A+", IF(E53>=70,"A", IF(E53>=60,"A-", IF(E53>=50,"B", IF(E53>=40,"C", IF(E53>=33,"D","F")))))) -> D | G53: =IF(E53>=80,5, IF(E53>=70,4, IF(E53>=60,3.5, IF(E53>=50,3, IF(E53>=40,2, IF(E53>=33,1,0)))))) -> 1
B54: English-2 | C54: ='8t'!F10 | D54: ='8s'!F10 -> 17 | E54: =SUM(C54:D54) -> 17 | F54: =IF(E54>=40,"A+", IF(E54>=35,"A", IF(E54>=30,"A-", IF(E54>=25,"B", IF(E54>=20,"C", IF(E54>=16,"D","F")))))) -> D | G54: =IF(E54>=40,5, IF(E54>=35,4, IF(E54>=30,3.5, IF(E54>=25,3, IF(E54>=20,2, IF(E54>=16,1,0)))))) -> 1
B55: Mathematics | C55: ='8t'!G10 -> 10 | D55: ='8s'!G10 -> 24 | E55: =SUM(C55:D55) -> 34 | F55: =IF(E55>=80,"A+", IF(E55>=70,"A", IF(E55>=60,"A-", IF(E55>=50,"B", IF(E55>=40,"C", IF(E55>=33,"D","F")))))) -> D | G55: =IF(E55>=80,5, IF(E55>=70,4, IF(E55>=60,3.5, IF(E55>=50,3, IF(E55>=40,2, IF(E55>=33,1,0)))))) -> 1
B56: Science | C56: ='8t'!H10 | D56: ='8s'!H10 -> 24 | E56: =SUM(C56:D56) -> 24 | F56: =IF(E56>=80,"A+", IF(E56>=70,"A", IF(E56>=60,"A-", IF(E56>=50,"B", IF(E56>=40,"C", IF(E56>=33,"D","F")))))) -> F | G56: =IF(E56>=80,5, IF(E56>=70,4, IF(E56>=60,3.5, IF(E56>=50,3, IF(E56>=40,2, IF(E56>=33,1,0)))))) -> 0
B57: B.G.S | C57: ='8t'!I10 -> 10 | D57: ='8s'!I10 -> 24 | E57: =SUM(C57:D57) -> 34 | F57: =IF(E57>=80,"A+", IF(E57>=70,"A", IF(E57>=60,"A-", IF(E57>=50,"B", IF(E57>=40,"C", IF(E57>=33,"D","F")))))) -> D | G57: =IF(E57>=80,5, IF(E57>=70,4, IF(E57>=60,3.5, IF(E57>=50,3, IF(E57>=40,2, IF(E57>=33,1,0)))))) -> 1
B58: Agri. | C58: ='8t'!J10 -> 10 | D58: ='8s'!J10 -> 24 | E58: =SUM(C58:D58) -> 34 | F58: =IF(E58>=80,"A+", IF(E58>=70,"A", IF(E58>=60,"A-", IF(E58>=50,"B", IF(E58>=40,"C", IF(E58>=33,"D","F")))))) -> D | G58: =IF(E58>=80,5, IF(E58>=70,4, IF(E58>=60,3.5, IF(E58>=50,3, IF(E58>=40,2, IF(E58>=33,1,0)))))) -> 1
B59: Religion | C59: ='8t'!K10 -> 10 | D59: ='8s'!K10 -> 24 | E59: =SUM(C59:D59) -> 34 | F59: =IF(E59>=80,"A+", IF(E59>=70,"A", IF(E59>=60,"A-", IF(E59>=50,"B", IF(E59>=40,"C", IF(E59>=33,"D","F")))))) -> D | G59: =IF(E59>=80,5, IF(E59>=70,4, IF(E59>=60,3.5, IF(E59>=50,3, IF(E59>=40,2, IF(E59>=33,1,0)))))) -> 1
B60: ICT | C60: ='8t'!L10 -> 14 | D60: ='8s'!L10 -> 14 | E60: =SUM(C60:D60) -> 28 | F60: =IF(E60>=40,"A+", IF(E60>=35,"A", IF(E60>=30,"A-", IF(E60>=25,"B", IF(E60>=20,"C", IF(E60>=16,"D","F")))))) -> B | G60: =IF(E60>=40,5, IF(E60>=35,4, IF(E60>=30,3.5, IF(E60>=25,3, IF(E60>=20,2, IF(E60>=16,1,0)))))) -> 3
A61: SN | B61: Student’s Name | C61: ='8s'!B11 -> SIAM AHAMED
A62: 6 | B62: Subject’s Name | C62: ='8'!C50 -> 3rd Tutorial Exam (30) | D62: ='8'!D50 -> 3rd Semester Exam (70) | E62: Total Marks | F62: Grade Letter | G62: Grade Point | H62: G.P.A
B63: Bangla-1 | C63: ='8t'!C11 -> 10 | D63: ='8s'!C11 -> 24 | E63: =SUM(C63:D63) -> 34 | F63: =IF(E63>=80,"A+", IF(E63>=70,"A", IF(E63>=60,"A-", IF(E63>=50,"B", IF(E63>=40,"C", IF(E63>=33,"D","F")))))) -> D | G63: =IF(E63>=80,5, IF(E63>=70,4, IF(E63>=60,3.5, IF(E63>=50,3, IF(E63>=40,2, IF(E63>=33,1,0)))))) -> 1 | H63: =AVERAGE( VALUE(G63), VALUE(G64), VALUE(G65), VALUE(G66), VALUE(G67), VALUE(G68), VALUE(G69), VALUE(G70), VALUE(G71), VALUE(G72)) -> 1
B64: Bangla-2 | C64: ='8t'!D11 | D64: ='8s'!D11 -> 17 | E64: =SUM(C64:D64) -> 17 | F64: =IF(E64>=40,"A+", IF(E64>=35,"A", IF(E64>=30,"A-", IF(E64>=25,"B", IF(E64>=20,"C", IF(E64>=16,"D","F")))))) -> D | G64: =IF(E64>=40,5, IF(E64>=35,4, IF(E64>=30,3.5, IF(E64>=25,3, IF(E64>=20,2, IF(E64>=16,1,0)))))) -> 1
B65: English-1 | C65: ='8t'!E11 -> 10 | D65: ='8s'!E11 -> 24 | E65: =SUM(C65:D65) -> 34 | F65: =IF(E65>=80,"A+", IF(E65>=70,"A", IF(E65>=60,"A-", IF(E65>=50,"B", IF(E65>=40,"C", IF(E65>=33,"D","F")))))) -> D | G65: =IF(E65>=80,5, IF(E65>=70,4, IF(E65>=60,3.5, IF(E65>=50,3, IF(E65>=40,2, IF(E65>=33,1,0)))))) -> 1
B66: English-2 | C66: ='8t'!F11 | D66: ='8s'!F11 -> 17 | E66: =SUM(C66:D66) -> 17 | F66: =IF(E66>=40,"A+", IF(E66>=35,"A", IF(E66>=30,"A-", IF(E66>=25,"B", IF(E66>=20,"C", IF(E66>=16,"D","F")))))) -> D | G66: =IF(E66>=40,5, IF(E66>=35,4, IF(E66>=30,3.5, IF(E66>=25,3, IF(E66>=20,2, IF(E66>=16,1,0)))))) -> 1
B67: Mathematics | C67: ='8t'!G11 -> 10 | D67: ='8s'!G11 -> 24 | E67: =SUM(C67:D67) -> 34 | F67: =IF(E67>=80,"A+", IF(E67>=70,"A", IF(E67>=60,"A-", IF(E67>=50,"B", IF(E67>=40,"C", IF(E67>=33,"D","F")))))) -> D | G67: =IF(E67>=80,5, IF(E67>=70,4, IF(E67>=60,3.5, IF(E67>=50,3, IF(E67>=40,2, IF(E67>=33,1,0)))))) -> 1
B68: Science | C68: ='8t'!H11 | D68: ='8s'!H11 -> 24 | E68: =SUM(C68:D68) -> 24 | F68: =IF(E68>=80,"A+", IF(E68>=70,"A", IF(E68>=60,"A-", IF(E68>=50,"B", IF(E68>=40,"C", IF(E68>=33,"D","F")))))) -> F | G68: =IF(E68>=80,5, IF(E68>=70,4, IF(E68>=60,3.5, IF(E68>=50,3, IF(E68>=40,2, IF(E68>=33,1,0)))))) -> 0
B69: B.G.S | C69: ='8t'!I11 -> 10 | D69: ='8s'!I11 -> 24 | E69: =SUM(C69:D69) -> 34 | F69: =IF(E69>=80,"A+", IF(E69>=70,"A", IF(E69>=60,"A-", IF(E69>=50,"B", IF(E69>=40,"C", IF(E69>=33,"D","F")))))) -> D | G69: =IF(E69>=80,5, IF(E69>=70,4, IF(E69>=60,3.5, IF(E69>=50,3, IF(E69>=40,2, IF(E69>=33,1,0)))))) -> 1
B70: Agri. | C70: ='8t'!J11 -> 10 | D70: ='8s'!J11 -> 24 | E70: =SUM(C70:D70) -> 34 | F70: =IF(E70>=80,"A+", IF(E70>=70,"A", IF(E70>=60,"A-", IF(E70>=50,"B", IF(E70>=40,"C", IF(E70>=33,"D","F")))))) -> D | G70: =IF(E70>=80,5, IF(E70>=70,4, IF(E70>=60,3.5, IF(E70>=50,3, IF(E70>=40,2, IF(E70>=33,1,0)))))) -> 1
B71: Religion | C71: ='8t'!K11 -> 10 | D71: ='8s'!K11 -> 24 | E71: =SUM(C71:D71) -> 34 | F71: =IF(E71>=80,"A+", IF(E71>=70,"A", IF(E71>=60,"A-", IF(E71>=50,"B", IF(E71>=40,"C", IF(E71>=33,"D","F")))))) -> D | G71: =IF(E71>=80,5, IF(E71>=70,4, IF(E71>=60,3.5, IF(E71>=50,3, IF(E71>=40,2, IF(E71>=33,1,0)))))) -> 1
B72: ICT | C72: ='8t'!L11 -> 10 | D72: ='8s'!L11 -> 10 | E72: =SUM(C72:D72) -> 20 | F72: =IF(E72>=40,"A+", IF(E72>=35,"A", IF(E72>=30,"A-", IF(E72>=25,"B", IF(E72>=20,"C", IF(E72>=16,"D","F")))))) -> C | G72: =IF(E72>=40,5, IF(E72>=35,4, IF(E72>=30,3.5, IF(E72>=25,3, IF(E72>=20,2, IF(E72>=16,1,0)))))) -> 2
A73: SN | B73: Student’s Name | C73: ='8s'!B12 -> SUMIYA AKTER
A74: 7 | B74: Subject’s Name | C74: ='8'!C62 -> 3rd Tutorial Exam (30) | D74: ='8'!D62 -> 3rd Semester Exam (70) | E74: Total Marks | F74: Grade Letter | G74: Grade Point | H74: G.P.A
B75: Bangla-1 | C75: ='8t'!C12 -> 11 | D75: ='8s'!C12 -> 24 | E75: =SUM(C75:D75) -> 35 | F75: =IF(E75>=80,"A+", IF(E75>=70,"A", IF(E75>=60,"A-", IF(E75>=50,"B", IF(E75>=40,"C", IF(E75>=33,"D","F")))))) -> D | G75: =IF(E75>=80,5, IF(E75>=70,4, IF(E75>=60,3.5, IF(E75>=50,3, IF(E75>=40,2, IF(E75>=33,1,0)))))) -> 1 | H75: =AVERAGE( VALUE(G75), VALUE(G76), VALUE(G77), VALUE(G78), VALUE(G79), VALUE(G80), VALUE(G81), VALUE(G82), VALUE(G83), VALUE(G84)) -> 1.1
B76: Bangla-2 | C76: ='8t'!D12 | D76: ='8s'!D12 -> 17 | E76: =SUM(C76:D76) -> 17 | F76: =IF(E76>=40,"A+", IF(E76>=35,"A", IF(E76>=30,"A-", IF(E76>=25,"B", IF(E76>=20,"C", IF(E76>=16,"D","F")))))) -> D | G76: =IF(E76>=40,5, IF(E76>=35,4, IF(E76>=30,3.5, IF(E76>=25,3, IF(E76>=20,2, IF(E76>=16,1,0)))))) -> 1
B77: English-1 | C77: ='8t'!E12 -> 10 | D77: ='8s'!E12 -> 24 | E77: =SUM(C77:D77) -> 34 | F77: =IF(E77>=80,"A+", IF(E77>=70,"A", IF(E77>=60,"A-", IF(E77>=50,"B", IF(E77>=40,"C", IF(E77>=33,"D","F")))))) -> D | G77: =IF(E77>=80,5, IF(E77>=70,4, IF(E77>=60,3.5, IF(E77>=50,3, IF(E77>=40,2, IF(E77>=33,1,0)))))) -> 1
B78: English-2 | C78: ='8t'!F12 | D78: ='8s'!F12 -> 17 | E78: =SUM(C78:D78) -> 17 | F78: =IF(E78>=40,"A+", IF(E78>=35,"A", IF(E78>=30,"A-", IF(E78>=25,"B", IF(E78>=20,"C", IF(E78>=16,"D","F")))))) -> D | G78: =IF(E78>=40,5, IF(E78>=35,4, IF(E78>=30,3.5, IF(E78>=25,3, IF(E78>=20,2, IF(E78>=16,1,0)))))) -> 1
B79: Mathematics | C79: ='8t'!G12 -> 10 | D79: ='8s'!G12 -> 24 | E79: =SUM(C79:D79) -> 34 | F79: =IF(E79>=80,"A+", IF(E79>=70,"A", IF(E79>=60,"A-", IF(E79>=50,"B", IF(E79>=40,"C", IF(E79>=33,"D","F")))))) -> D | G79: =IF(E79>=80,5, IF(E79>=70,4, IF(E79>=60,3.5, IF(E79>=50,3, IF(E79>=40,2, IF(E79>=33,1,0)))))) -> 1
B80: Science | C80: ='8t'!H12 -> 10 | D80: ='8s'!H12 -> 24 | E80: =SUM(C80:D80) -> 34 | F80: =IF(E80>=80,"A+", IF(E80>=70,"A", IF(E80>=60,"A-", IF(E80>=50,"B", IF(E80>=40,"C", IF(E80>=33,"D","F")))))) -> D | G80: =IF(E80>=80,5, IF(E80>=70,4, IF(E80>=60,3.5, IF(E80>=50,3, IF(E80>=40,2, IF(E80>=33,1,0)))))) -> 1
B81: B.G.S | C81: ='8t'!I12 -> 12 | D81: ='8s'!I12 -> 26 | E81: =SUM(C81:D81) -> 38 | F81: =IF(E81>=80,"A+", IF(E81>=70,"A", IF(E81>=60,"A-", IF(E81>=50,"B", IF(E81>=40,"C", IF(E81>=33,"D","F")))))) -> D | G81: =IF(E81>=80,5, IF(E81>=70,4, IF(E81>=60,3.5, IF(E81>=50,3, IF(E81>=40,2, IF(E81>=33,1,0)))))) -> 1
B82: Agri. | C82: ='8t'!J12 -> 10 | D82: ='8s'!J12 -> 24 | E82: =SUM(C82:D82) -> 34 | F82: =IF(E82>=80,"A+", IF(E82>=70,"A", IF(E82>=60,"A-", IF(E82>=50,"B", IF(E82>=40,"C", IF(E82>=33,"D","F")))))) -> D | G82: =IF(E82>=80,5, IF(E82>=70,4, IF(E82>=60,3.5, IF(E82>=50,3, IF(E82>=40,2, IF(E82>=33,1,0)))))) -> 1
B83: Religion | C83: ='8t'!K12 -> 10 | D83: ='8s'!K12 -> 24 | E83: =SUM(C83:D83) -> 34 | F83: =IF(E83>=80,"A+", IF(E83>=70,"A", IF(E83>=60,"A-", IF(E83>=50,"B", IF(E83>=40,"C", IF(E83>=33,"D","F")))))) -> D | G83: =IF(E83>=80,5, IF(E83>=70,4, IF(E83>=60,3.5, IF(E83>=50,3, IF(E83>=40,2, IF(E83>=33,1,0)))))) -> 1
B84: ICT | C84: ='8t'!L12 -> 10 | D84: ='8s'!L12 -> 10 | E84: =SUM(C84:D84) -> 20 | F84: =IF(E84>=40,"A+", IF(E84>=35,"A", IF(E84>=30,"A-", IF(E84>=25,"B", IF(E84>=20,"C", IF(E84>=16,"D","F")))))) -> C | G84: =IF(E84>=40,5, IF(E84>=35,4, IF(E84>=30,3.5, IF(E84>=25,3, IF(E84>=20,2, IF(E84>=16,1,0)))))) -> 2
A85: SN | B85: Student’s Name | C85: ='8s'!B13 -> SAMIHA AKTER
A86: 8 | B86: Subject’s Name | C86: ='8'!C74 -> 3rd Tutorial Exam (30) | D86: ='8'!D74 -> 3rd Semester Exam (70) | E86: Total Marks | F86: Grade Letter | G86: Grade Point | H86: G.P.A
B87: Bangla-1 | C87: ='8t'!C13 -> 10 | D87: ='8s'!C13 -> 24 | E87: =SUM(C87:D87) -> 34 | F87: =IF(E87>=80,"A+", IF(E87>=70,"A", IF(E87>=60,"A-", IF(E87>=50,"B", IF(E87>=40,"C", IF(E87>=33,"D","F")))))) -> D | G87: =IF(E87>=80,5, IF(E87>=70,4, IF(E87>=60,3.5, IF(E87>=50,3, IF(E87>=40,2, IF(E87>=33,1,0)))))) -> 1 | H87: =AVERAGE( VALUE(G87), VALUE(G88), VALUE(G89), VALUE(G90), VALUE(G91), VALUE(G92), VALUE(G93), VALUE(G94), VALUE(G95), VALUE(G96)) -> 1
B88: Bangla-2 | C88: ='8t'!D13 | D88: ='8s'!D13 -> 17 | E88: =SUM(C88:D88) -> 17 | F88: =IF(E88>=40,"A+", IF(E88>=35,"A", IF(E88>=30,"A-", IF(E88>=25,"B", IF(E88>=20,"C", IF(E88>=16,"D","F")))))) -> D | G88: =IF(E88>=40,5, IF(E88>=35,4, IF(E88>=30,3.5, IF(E88>=25,3, IF(E88>=20,2, IF(E88>=16,1,0)))))) -> 1
B89: English-1 | C89: ='8t'!E13 -> 10 | D89: ='8s'!E13 -> 24 | E89: =SUM(C89:D89) -> 34 | F89: =IF(E89>=80,"A+", IF(E89>=70,"A", IF(E89>=60,"A-", IF(E89>=50,"B", IF(E89>=40,"C", IF(E89>=33,"D","F")))))) -> D | G89: =IF(E89>=80,5, IF(E89>=70,4, IF(E89>=60,3.5, IF(E89>=50,3, IF(E89>=40,2, IF(E89>=33,1,0)))))) -> 1
B90: English-2 | C90: ='8t'!F13 | D90: ='8s'!F13 -> 17 | E90: =SUM(C90:D90) -> 17 | F90: =IF(E90>=40,"A+", IF(E90>=35,"A", IF(E90>=30,"A-", IF(E90>=25,"B", IF(E90>=20,"C", IF(E90>=16,"D","F")))))) -> D | G90: =IF(E90>=40,5, IF(E90>=35,4, IF(E90>=30,3.5, IF(E90>=25,3, IF(E90>=20,2, IF(E90>=16,1,0)))))) -> 1
B91: Mathematics | C91: ='8t'!G13 -> 10 | D91: ='8s'!G13 -> 24 | E91: =SUM(C91:D91) -> 34 | F91: =IF(E91>=80,"A+", IF(E91>=70,"A", IF(E91>=60,"A-", IF(E91>=50,"B", IF(E91>=40,"C", IF(E91>=33,"D","F")))))) -> D | G91: =IF(E91>=80,5, IF(E91>=70,4, IF(E91>=60,3.5, IF(E91>=50,3, IF(E91>=40,2, IF(E91>=33,1,0)))))) -> 1
B92: Science | C92: ='8t'!H13 -> 10 | D92: ='8s'!H13 -> 24 | E92: =SUM(C92:D92) -> 34 | F92: =IF(E92>=80,"A+", IF(E92>=70,"A", IF(E92>=60,"A-", IF(E92>=50,"B", IF(E92>=40,"C", IF(E92>=33,"D","F")))))) -> D | G92: =IF(E92>=80,5, IF(E92>=70,4, IF(E92>=60,3.5, IF(E92>=50,3, IF(E92>=40,2, IF(E92>=33,1,0)))))) -> 1
B93: B.G.S | C93: ='8t'!I13 -> 10 | D93: ='8s'!I13 -> 24 | E93: =SUM(C93:D93) -> 34 | F93: =IF(E93>=80,"A+", IF(E93>=70,"A", IF(E93>=60,"A-", IF(E93>=50,"B", IF(E93>=40,"C", IF(E93>=33,"D","F")))))) -> D | G93: =IF(E93>=80,5, IF(E93>=70,4, IF(E93>=60,3.5, IF(E93>=50,3, IF(E93>=40,2, IF(E93>=33,1,0)))))) -> 1
B94: Agri. | C94: ='8t'!J13 -> 10 | D94: ='8s'!J13 -> 24 | E94: =SUM(C94:D94) -> 34 | F94: =IF(E94>=80,"A+", IF(E94>=70,"A", IF(E94>=60,"A-", IF(E94>=50,"B", IF(E94>=40,"C", IF(E94>=33,"D","F")))))) -> D | G94: =IF(E94>=80,5, IF(E94>=70,4, IF(E94>=60,3.5, IF(E94>=50,3, IF(E94>=40,2, IF(E94>=33,1,0)))))) -> 1
B95: Religion | C95: ='8t'!K13 -> 10 | D95: ='8s'!K13 -> 24 | E95: =SUM(C95:D95) -> 34 | F95: =IF(E95>=80,"A+", IF(E95>=70,"A", IF(E95>=60,"A-", IF(E95>=50,"B", IF(E95>=40,"C", IF(E95>=33,"D","F")))))) -> D | G95: =IF(E95>=80,5, IF(E95>=70,4, IF(E95>=60,3.5, IF(E95>=50,3, IF(E95>=40,2, IF(E95>=33,1,0)))))) -> 1
B96: ICT | C96: ='8t'!L13 -> 9 | D96: ='8s'!L13 -> 9 | E96: =SUM(C96:D96) -> 18 | F96: =IF(E96>=40,"A+", IF(E96>=35,"A", IF(E96>=30,"A-", IF(E96>=25,"B", IF(E96>=20,"C", IF(E96>=16,"D","F")))))) -> D | G96: =IF(E96>=40,5, IF(E96>=35,4, IF(E96>=30,3.5, IF(E96>=25,3, IF(E96>=20,2, IF(E96>=16,1,0)))))) -> 1
A97: SN | B97: Student’s Name | C97: ='8s'!B14 -> TASMIYA AKTER
A98: 9 | B98: Subject’s Name | C98: ='8'!C86 -> 3rd Tutorial Exam (30) | D98: ='8'!D86 -> 3rd Semester Exam (70) | E98: Total Marks | F98: Grade Letter | G98: Grade Point | H98: G.P.A
B99: Bangla-1 | C99: ='8t'!C14 -> 11 | D99: ='8s'!C14 -> 24 | E99: =SUM(C99:D99) -> 35 | F99: =IF(E99>=80,"A+", IF(E99>=70,"A", IF(E99>=60,"A-", IF(E99>=50,"B", IF(E99>=40,"C", IF(E99>=33,"D","F")))))) -> D | G99: =IF(E99>=80,5, IF(E99>=70,4, IF(E99>=60,3.5, IF(E99>=50,3, IF(E99>=40,2, IF(E99>=33,1,0)))))) -> 1 | H99: =AVERAGE( VALUE(G99), VALUE(G100), VALUE(G101), VALUE(G102), VALUE(G103), VALUE(G104), VALUE(G105), VALUE(G106), VALUE(G107), VALUE(G108)) -> 1.3
B100: Bangla-2 | C100: ='8t'!D14 | D100: ='8s'!D14 -> 18 | E100: =SUM(C100:D100) -> 18 | F100: =IF(E100>=40,"A+", IF(E100>=35,"A", IF(E100>=30,"A-", IF(E100>=25,"B", IF(E100>=20,"C", IF(E100>=16,"D","F")))))) -> D | G100: =IF(E100>=40,5, IF(E100>=35,4, IF(E100>=30,3.5, IF(E100>=25,3, IF(E100>=20,2, IF(E100>=16,1,0)))))) -> 1
...

Sheet 8r
A1: Hemayetpur Laboratory School and College
A2: Annual Examination Results-2025
A3: Class: Eight
A4: SN | B4: Student’s Name | C4: Rank
C5: G.P.A | D5: Rank
A6: 1 | B6: TANVIN ISLAM | C6: ='8'!H3 -> 2.65 | D6: =RANK(C6,$C$6:$C$17) -> 1
A7: 2 | B7: RAJU ISLAM | C7: ='8'!H15 -> 1.75 | D7: =RANK(C7,$C$6:$C$17) -> 5
A8: 3 | B8: MAINUL ISLAM | C8: ='8'!H27 -> 1.55 | D8: =RANK(C8,$C$6:$C$17) -> 6
A9: 4 | B9: MIM AKTER | C9: ='8'!H39 -> 2.25 | D9: =RANK(C9,$C$6:$C$17) -> 2
A10: 5 | B10: ALIF HOSSAIN | C10: ='8'!H51 -> 1.1 | D10: =RANK(C10,$C$6:$C$17) -> 8
A11: 6 | B11: SIAM AHAMED | C11: ='8'!H63 -> 1 | D11: =RANK(C11,$C$6:$C$17) -> 10
A12: 7 | B12: SUMIYA AKTER | C12: ='8'!H75 -> 1.1 | D12: =RANK(C12,$C$6:$C$17) -> 8
A13: 8 | B13: SAMIHA AKTER | C13: ='8'!H87 -> 1 | D13: =RANK(C13,$C$6:$C$17) -> 10
A14: 9 | B14: TASMIYA AKTER | C14: ='8'!H99 -> 1.3 | D14: =RANK(C14,$C$6:$C$17) -> 7
A15: 10 | B15: SHKIL | C15: ='8'!H111 -> 2 | D15: =RANK(C15,$C$6:$C$17) -> 3
A16: 11 | B16: RAKIB HASAN | C16: ='8'!H123 -> 0.55 | D16: =RANK(C16,$C$6:$C$17) -> 12
A17: 12 | B17: SOUROV ISLAM | C17: ='8'!H135 -> 1.85 | D17: =RANK(C17,$C$6:$C$17) -> 4

Sheet 9t
A1: Hemayetpur Laboratory School and College
A2: 3rd Tutorial Examination Marksheet-2025
A3: Class: Nine
A4: SN | B4: Student’s Name | C4: Subject’s Name & Marks
C5: Bangla-1 | D5: Bangla-2 | E5: English -1 | F5: English -2 | G5: Math. | H5: Phy. | I5: Che. | J5: Bio. | K5: B.G.S | L5: Agri. | M5: Religion | N5: ICT | O5: Total | P5: Rank
A6: 1 | B6: MONIKA SHIL | C6: 28 | E6: 24 | G6: 23 | H6: 27 | I6: 18 | J6: 17 | K6: 26 | L6: 29 | M6: 29 | N6: 15 | O6: =SUM(C6:N6) -> 236 | P6: =RANK(O6,$O$6:$O$9) -> 1
A7: 2 | B7: OISHI AKTER | C7: 25 | E7: 24 | G7: 9 | H7: 16 | I7: 10 | J7: 19 | K7: 24 | L7: 24 | M7: 25 | N7: 14 | O7: =SUM(C7:M7) -> 176 | P7: =RANK(O7,$O$6:$O$9) -> 3
A8: 3 | B8: JAMELA AKTER | C8: 26 | E8: 21 | G8: 10 | H8: 21 | I8: 17 | J8: 11 | K8: 16 | L8: 29 | M8: 26 | N8: 15 | O8: =SUM(C8:M8) -> 177 | P8: =RANK(O8,$O$6:$O$9) -> 2
A9: 4 | B9: NUPUR AKTER | C9: 20 | E9: 14 | G9: 9 | H9: 10 | I9: 10 | J9: 10 | K9: 10 | L9: 11 | M9: 12 | N9: 13 | O9: =SUM(C9:M9) -> 106 | P9: =RANK(O9,$O$6:$O$9) -> 4

Sheet 9s
A1: Hemayetpur Laboratory School and College
A2: 3rd Tutorial Examination Marksheet-2025
A3: Class: Nine
A4: SN | B4: Student’s Name | C4: Subject’s Name & Marks
C5: Bangla-1 | D5: Bangla-2 | E5: English -1 | F5: English -2 | G5: Math. | H5: Phy. | I5: Che. | J5: Bio. | K5: B.G.S | L5: Agri. | M5: Religion | N5: ICT | O5: Total | P5: Rank
A6: 1 | B6: MONIKA SHIL | C6: 55 | D6: 45 | E6: 36 | F6: 28 | G6: 39 | H6: 52 | I6: 35 | J6: 37 | K6: 42 | L6: 66 | M6: 60 | N6: 15 | O6: =SUM(C6:N6) -> 510 | P6: =RANK(O6,$O$6:$O$9) -> 1
A7: 2 | B7: OISHI AKTER | C7: 47 | D7: 34 | E7: 34 | F7: 20 | G7: 24 | H7: 36 | I7: 24 | J7: 26 | K7: 50 | L7: 42 | M7: 56 | N7: 14 | O7: =SUM(C7:N7) -> 407 | P7: =RANK(O7,$O$6:$O$9) -> 3
A8: 3 | B8: JAMELA AKTER | C8: 50 | D8: 43 | E8: 34 | F8: 18 | G8: 24 | H8: 45 | I8: 24 | J8: 32 | K8: 45 | L8: 60 | M8: 58 | N8: 15 | O8: =SUM(C8:N8) -> 448 | P8: =RANK(O8,$O$6:$O$9) -> 2
A9: 4 | B9: NUPUR AKTER | C9: 34 | D9: 22 | E9: 25 | F9: 17 | G9: 24 | H9: 24 | I9: 24 | J9: 12 | K9: 24 | L9: 24 | M9: 24 | N9: 13 | O9: =SUM(C9:N9) -> 267 | P9: =RANK(O9,$O$6:$O$9) -> 4

Sheet 9
A1: SN | B1: Student’s Name | C1: ='9s'!B6 -> MONIKA SHIL
A2: 1 | B2: Subject’s Name | C2: 3rd Tutorial Exam (30) | D2: 3rd Semester Exam (70) | E2: Total Marks | F2: Grade Letter | G2: Grade Point | H2: G.P.A
B3: Bangla-1 | C3: ='9t'!C6 -> 28 | D3: ='9s'!C6 -> 55 | E3: =SUM(C3:D3) -> 83 | F3: =IF(E3>=80,"A+", IF(E3>=70,"A", IF(E3>=60,"A-", IF(E3>=50,"B", IF(E3>=40,"C", IF(E3>=33,"D","F")))))) -> A+ | G3: =IF(E3>=80,5, IF(E3>=70,4, IF(E3>=60,3.5, IF(E3>=50,3, IF(E3>=40,2, IF(E3>=33,1,0)))))) -> 5 | H3: =AVERAGE( VALUE(G3), VALUE(G4), VALUE(G5), VALUE(G6), VALUE(G7), VALUE(G8), VALUE(G9), VALUE(G10), VALUE(G11), VALUE(G12), VALUE(G13), VALUE(G14)) -> 3.9166667
B4: Bangla-2 | C4: ='9t'!D6 | D4: ='9s'!D6 -> 45 | E4: =SUM(C4:D4) -> 45 | F4: =IF(E4>=40,"A+", IF(E4>=35,"A", IF(E4>=30,"A-", IF(E4>=25,"B", IF(E4>=20,"C", IF(E4>=16,"D","F")))))) -> A+ | G4: =IF(E4>=40,5, IF(E4>=35,4, IF(E4>=30,3.5, IF(E4>=25,3, IF(E4>=20,2, IF(E4>=16,1,0)))))) -> 5
B5: English-1 | C5: ='9t'!E6 -> 24 | D5: ='9s'!E6 -> 36 | E5: =SUM(C5:D5) -> 60 | F5: =IF(E5>=80,"A+", IF(E5>=70,"A", IF(E5>=60,"A-", IF(E5>=50,"B", IF(E5>=40,"C", IF(E5>=33,"D","F")))))) -> A- | G5: =IF(E5>=80,5, IF(E5>=70,4, IF(E5>=60,3.5, IF(E5>=50,3, IF(E5>=40,2, IF(E5>=33,1,0)))))) -> 3.5
B6: English-2 | C6: ='9t'!F6 | D6: ='9s'!F6 -> 28 | E6: =SUM(C6:D6) -> 28 | F6: =IF(E6>=40,"A+", IF(E6>=35,"A", IF(E6>=30,"A-", IF(E6>=25,"B", IF(E6>=20,"C", IF(E6>=16,"D","F")))))) -> B | G6: =IF(E6>=40,5, IF(E6>=35,4, IF(E6>=30,3.5, IF(E6>=25,3, IF(E6>=20,2, IF(E6>=16,1,0)))))) -> 3
B7: Mathematics | C7: ='9t'!G6 -> 23 | D7: ='9s'!G6 -> 39 | E7: =SUM(C7:D7) -> 62 | F7: =IF(E7>=80,"A+", IF(E7>=70,"A", IF(E7>=60,"A-", IF(E7>=50,"B", IF(E7>=40,"C", IF(E7>=33,"D","F")))))) -> A- | G7: =IF(E7>=80,5, IF(E7>=70,4, IF(E7>=60,3.5, IF(E7>=50,3, IF(E7>=40,2, IF(E7>=33,1,0)))))) -> 3.5
B8: Physics | C8: ='9t'!H6 -> 27 | D8: ='9s'!H6 -> 52 | E8: =SUM(C8:D8) -> 79 | F8: =IF(E8>=80,"A+", IF(E8>=70,"A", IF(E8>=60,"A-", IF(E8>=50,"B", IF(E8>=40,"C", IF(E8>=33,"D","F")))))) -> A | G8: =IF(E8>=80,5, IF(E8>=70,4, IF(E8>=60,3.5, IF(E8>=50,3, IF(E8>=40,2, IF(E8>=33,1,0)))))) -> 4
B9: Biology | C9: ='9t'!I6 -> 18 | D9: ='9s'!I6 -> 35 | E9: =SUM(C9:D9) -> 53 | F9: =IF(E9>=80,"A+", IF(E9>=70,"A", IF(E9>=60,"A-", IF(E9>=50,"B", IF(E9>=40,"C", IF(E9>=33,"D","F")))))) -> B | G9: =IF(E9>=80,5, IF(E9>=70,4, IF(E9>=60,3.5, IF(E9>=50,3, IF(E9>=40,2, IF(E9>=33,1,0)))))) -> 3
B10: Chemistry | C10: ='9t'!J6 -> 17 | D10: ='9s'!J6 -> 37 | E10: =SUM(C10:D10) -> 54 | F10: =IF(E10>=80,"A+", IF(E10>=70,"A", IF(E10>=60,"A-", IF(E10>=50,"B", IF(E10>=40,"C", IF(E10>=33,"D","F")))))) -> B | G10: =IF(E10>=80,5, IF(E10>=70,4, IF(E10>=60,3.5, IF(E10>=50,3, IF(E10>=40,2, IF(E10>=33,1,0)))))) -> 3
B11: B.G.S | C11: ='9t'!K6 -> 26 | D11: ='9s'!K6 -> 42 | E11: =SUM(C11:D11) -> 68 | F11: =IF(E11>=80,"A+", IF(E11>=70,"A", IF(E11>=60,"A-", IF(E11>=50,"B", IF(E11>=40,"C", IF(E11>=33,"D","F")))))) -> A- | G11: =IF(E11>=80,5, IF(E11>=70,4, IF(E11>=60,3.5, IF(E11>=50,3, IF(E11>=40,2, IF(E11>=33,1,0)))))) -> 3.5
B12: Agri. | C12: ='9t'!L6 -> 29 | D12: ='9s'!L6 -> 66 | E12: =SUM(C12:D12) -> 95 | F12: =IF(E12>=80,"A+", IF(E12>=70,"A", IF(E12>=60,"A-", IF(E12>=50,"B", IF(E12>=40,"C", IF(E12>=33,"D","F")))))) -> A+ | G12: =IF(E12>=80,5, IF(E12>=70,4, IF(E12>=60,3.5, IF(E12>=50,3, IF(E12>=40,2, IF(E12>=33,1,0)))))) -> 5
B13: Religion | C13: ='9t'!M6 -> 29 | D13: ='9s'!M6 -> 60 | E13: =SUM(C13:D13) -> 89 | F13: =IF(E13>=80,"A+", IF(E13>=70,"A", IF(E13>=60,"A-", IF(E13>=50,"B", IF(E13>=40,"C", IF(E13>=33,"D","F")))))) -> A+ | G13: =IF(E13>=80,5, IF(E13>=70,4, IF(E13>=60,3.5, IF(E13>=50,3, IF(E13>=40,2, IF(E13>=33,1,0)))))) -> 5
B14: ICT | C14: ='9t'!N6 -> 15 | D14: ='9s'!N6 -> 15 | E14: =SUM(C14:D14) -> 30 | F14: =IF(E14>=40,"A+", IF(E14>=35,"A", IF(E14>=30,"A-", IF(E14>=25,"B", IF(E14>=20,"C", IF(E14>=16,"D","F")))))) -> A- | G14: =IF(E14>=40,5, IF(E14>=35,4, IF(E14>=30,3.5, IF(E14>=25,3, IF(E14>=20,2, IF(E14>=16,1,0)))))) -> 3.5
A15: SN | B15: Student’s Name | C15: ='9s'!B7 -> OISHI AKTER
A16: 2 | B16: Subject’s Name | C16: 3rd Tutorial Exam (30) | D16: 3rd Semester Exam (70) | E16: Total Marks | F16: Grade Letter | G16: Grade Point | H16: G.P.A
B17: Bangla-1 | C17: ='9t'!C7 -> 25 | D17: ='9s'!C7 -> 47 | E17: =SUM(C17:D17) -> 72 | F17: =IF(E17>=80,"A+", IF(E17>=70,"A", IF(E17>=60,"A-", IF(E17>=50,"B", IF(E17>=40,"C", IF(E17>=33,"D","F")))))) -> A | G17: =IF(E17>=80,5, IF(E17>=70,4, IF(E17>=60,3.5, IF(E17>=50,3, IF(E17>=40,2, IF(E17>=33,1,0)))))) -> 4 | H17: =AVERAGE( VALUE(G17), VALUE(G18), VALUE(G19), VALUE(G20), VALUE(G21), VALUE(G22), VALUE(G23), VALUE(G24), VALUE(G25), VALUE(G26), VALUE(G27), VALUE(G28)) -> 2.9166667
B18: Bangla-2 | C18: ='9t'!D7 | D18: ='9s'!D7 -> 34 | E18: =SUM(C18:D18) -> 34 | F18: =IF(E18>=40,"A+", IF(E18>=35,"A", IF(E18>=30,"A-", IF(E18>=25,"B", IF(E18>=20,"C", IF(E18>=16,"D","F")))))) -> A- | G18: =IF(E18>=40,5, IF(E18>=35,4, IF(E18>=30,3.5, IF(E18>=25,3, IF(E18>=20,2, IF(E18>=16,1,0)))))) -> 3.5
B19: English-1 | C19: ='9t'!E7 -> 24 | D19: ='9s'!E7 -> 34 | E19: =SUM(C19:D19) -> 58 | F19: =IF(E19>=80,"A+", IF(E19>=70,"A", IF(E19>=60,"A-", IF(E19>=50,"B", IF(E19>=40,"C", IF(E19>=33,"D","F")))))) -> B | G19: =IF(E19>=80,5, IF(E19>=70,4, IF(E19>=60,3.5, IF(E19>=50,3, IF(E19>=40,2, IF(E19>=33,1,0)))))) -> 3
B20: English-2 | C20: ='9t'!F7 | D20: ='9s'!F7 -> 20 | E20: =SUM(C20:D20) -> 20 | F20: =IF(E20>=40,"A+", IF(E20>=35,"A", IF(E20>=30,"A-", IF(E20>=25,"B", IF(E20>=20,"C", IF(E20>=16,"D","F")))))) -> C | G20: =IF(E20>=40,5, IF(E20>=35,4, IF(E20>=30,3.5, IF(E20>=25,3, IF(E20>=20,2, IF(E20>=16,1,0)))))) -> 2
B21: Mathematics | C21: ='9t'!G7 -> 9 | D21: ='9s'!G7 -> 24 | E21: =SUM(C21:D21) -> 33 | F21: =IF(E21>=80,"A+", IF(E21>=70,"A", IF(E21>=60,"A-", IF(E21>=50,"B", IF(E21>=40,"C", IF(E21>=33,"D","F")))))) -> D | G21: =IF(E21>=80,5, IF(E21>=70,4, IF(E21>=60,3.5, IF(E21>=50,3, IF(E21>=40,2, IF(E21>=33,1,0)))))) -> 1
B22: Physics | C22: ='9t'!H7 -> 16 | D22: ='9s'!H7 -> 36 | E22: =SUM(C22:D22) -> 52 | F22: =IF(E22>=80,"A+", IF(E22>=70,"A", IF(E22>=60,"A-", IF(E22>=50,"B", IF(E22>=40,"C", IF(E22>=33,"D","F")))))) -> B | G22: =IF(E22>=80,5, IF(E22>=70,4, IF(E22>=60,3.5, IF(E22>=50,3, IF(E22>=40,2, IF(E22>=33,1,0)))))) -> 3
B23: Biology | C23: ='9t'!I7 -> 10 | D23: ='9s'!I7 -> 24 | E23: =SUM(C23:D23) -> 34 | F23: =IF(E23>=80,"A+", IF(E23>=70,"A", IF(E23>=60,"A-", IF(E23>=50,"B", IF(E23>=40,"C", IF(E23>=33,"D","F")))))) -> D | G23: =IF(E23>=80,5, IF(E23>=70,4, IF(E23>=60,3.5, IF(E23>=50,3, IF(E23>=40,2, IF(E23>=33,1,0)))))) -> 1
B24: Chemistry | C24: ='9t'!J7 -> 19 | D24: ='9s'!J7 -> 26 | E24: =SUM(C24:D24) -> 45 | F24: =IF(E24>=80,"A+", IF(E24>=70,"A", IF(E24>=60,"A-", IF(E24>=50,"B", IF(E24>=40,"C", IF(E24>=33,"D","F")))))) -> C | G24: =IF(E24>=80,5, IF(E24>=70,4, IF(E24>=60,3.5, IF(E24>=50,3, IF(E24>=40,2, IF(E24>=33,1,0)))))) -> 2
B25: B.G.S | C25: ='9t'!K7 -> 24 | D25: ='9s'!K7 -> 50 | E25: =SUM(C25:D25) -> 74 | F25: =IF(E25>=80,"A+", IF(E25>=70,"A", IF(E25>=60,"A-", IF(E25>=50,"B", IF(E25>=40,"C", IF(E25>=33,"D","F")))))) -> A | G25: =IF(E25>=80,5, IF(E25>=70,4, IF(E25>=60,3.5, IF(E25>=50,3, IF(E25>=40,2, IF(E25>=33,1,0)))))) -> 4
B26: Agri. | C26: ='9t'!L7 -> 24 | D26: ='9s'!L7 -> 42 | E26: =SUM(C26:D26) -> 66 | F26: =IF(E26>=80,"A+", IF(E26>=70,"A", IF(E26>=60,"A-", IF(E26>=50,"B", IF(E26>=40,"C", IF(E26>=33,"D","F")))))) -> A- | G26: =IF(E26>=80,5, IF(E26>=70,4, IF(E26>=60,3.5, IF(E26>=50,3, IF(E26>=40,2, IF(E26>=33,1,0)))))) -> 3.5
B27: Religion | C27: ='9t'!M7 -> 25 | D27: ='9s'!M7 -> 56 | E27: =SUM(C27:D27) -> 81 | F27: =IF(E27>=80,"A+", IF(E27>=70,"A", IF(E27>=60,"A-", IF(E27>=50,"B", IF(E27>=40,"C", IF(E27>=33,"D","F")))))) -> A+ | G27: =IF(E27>=80,5, IF(E27>=70,4, IF(E27>=60,3.5, IF(E27>=50,3, IF(E27>=40,2, IF(E27>=33,1,0)))))) -> 5
B28: ICT | C28: ='9t'!N7 -> 14 | D28: ='9s'!N7 -> 14 | E28: =SUM(C28:D28) -> 28 | F28: =IF(E28>=40,"A+", IF(E28>=35,"A", IF(E28>=30,"A-", IF(E28>=25,"B", IF(E28>=20,"C", IF(E28>=16,"D","F")))))) -> B | G28: =IF(E28>=40,5, IF(E28>=35,4, IF(E28>=30,3.5, IF(E28>=25,3, IF(E28>=20,2, IF(E28>=16,1,0)))))) -> 3
A29: SN | B29: Student’s Name | C29: ='9s'!B8 -> JAMELA AKTER
A30: 3 | B30: Subject’s Name | C30: 3rd Tutorial Exam (30) | D30: 3rd Semester Exam (70) | E30: Total Marks | F30: Grade Letter | G30: Grade Point | H30: G.P.A
B31: Bangla-1 | C31: ='9t'!C8 -> 26 | D31: ='9s'!C8 -> 50 | E31: =SUM(C31:D31) -> 76 | F31: =IF(E31>=80,"A+", IF(E31>=70,"A", IF(E31>=60,"A-", IF(E31>=50,"B", IF(E31>=40,"C", IF(E31>=33,"D","F")))))) -> A | G31: =IF(E31>=80,5, IF(E31>=70,4, IF(E31>=60,3.5, IF(E31>=50,3, IF(E31>=40,2, IF(E31>=33,1,0)))))) -> 4 | H31: =AVERAGE( VALUE(G31), VALUE(G32), VALUE(G33), VALUE(G34), VALUE(G35), VALUE(G36), VALUE(G37), VALUE(G38), VALUE(G39), VALUE(G40), VALUE(G41), VALUE(G42)) -> 3.2083333
B32: Bangla-2 | C32: ='9t'!D8 | D32: ='9s'!D8 -> 43 | E32: =SUM(C32:D32) -> 43 | F32: =IF(E32>=40,"A+", IF(E32>=35,"A", IF(E32>=30,"A-", IF(E32>=25,"B", IF(E32>=20,"C", IF(E32>=16,"D","F")))))) -> A+ | G32: =IF(E32>=40,5, IF(E32>=35,4, IF(E32>=30,3.5, IF(E32>=25,3, IF(E32>=20,2, IF(E32>=16,1,0)))))) -> 5
B33: English-1 | C33: ='9t'!E8 -> 21 | D33: ='9s'!E8 -> 34 | E33: =SUM(C33:D33) -> 55 | F33: =IF(E33>=80,"A+", IF(E33>=70,"A", IF(E33>=60,"A-", IF(E33>=50,"B", IF(E33>=40,"C", IF(E33>=33,"D","F")))))) -> B | G33: =IF(E33>=80,5, IF(E33>=70,4, IF(E33>=60,3.5, IF(E33>=50,3, IF(E33>=40,2, IF(E33>=33,1,0)))))) -> 3
B34: English-2 | C34: ='9t'!F8 | D34: ='9s'!F8 -> 18 | E34: =SUM(C34:D34) -> 18 | F34: =IF(E34>=40,"A+", IF(E34>=35,"A", IF(E34>=30,"A-", IF(E34>=25,"B", IF(E34>=20,"C", IF(E34>=16,"D","F")))))) -> D | G34: =IF(E34>=40,5, IF(E34>=35,4, IF(E34>=30,3.5, IF(E34>=25,3, IF(E34>=20,2, IF(E34>=16,1,0)))))) -> 1
B35: Mathematics | C35: ='9t'!G8 -> 10 | D35: ='9s'!G8 -> 24 | E35: =SUM(C35:D35) -> 34 | F35: =IF(E35>=80,"A+", IF(E35>=70,"A", IF(E35>=60,"A-", IF(E35>=50,"B", IF(E35>=40,"C", IF(E35>=33,"D","F")))))) -> D | G35: =IF(E35>=80,5, IF(E35>=70,4, IF(E35>=60,3.5, IF(E35>=50,3, IF(E35>=40,2, IF(E35>=33,1,0)))))) -> 1
B36: Physics | C36: ='9t'!H8 -> 21 | D36: ='9s'!H8 -> 45 | E36: =SUM(C36:D36) -> 66 | F36: =IF(E36>=80,"A+", IF(E36>=70,"A", IF(E36>=60,"A-", IF(E36>=50,"B", IF(E36>=40,"C", IF(E36>=33,"D","F")))))) -> A- | G36: =IF(E36>=80,5, IF(E36>=70,4, IF(E36>=60,3.5, IF(E36>=50,3, IF(E36>=40,2, IF(E36>=33,1,0)))))) -> 3.5
B37: Biology | C37: ='9t'!I8 -> 17 | D37: ='9s'!I8 -> 24 | E37: =SUM(C37:D37) -> 41 | F37: =IF(E37>=80,"A+", IF(E37>=70,"A", IF(E37>=60,"A-", IF(E37>=50,"B", IF(E37>=40,"C", IF(E37>=33,"D","F")))))) -> C | G37: =IF(E37>=80,5, IF(E37>=70,4, IF(E37>=60,3.5, IF(E37>=50,3, IF(E37>=40,2, IF(E37>=33,1,0)))))) -> 2
B38: Chemistry | C38: ='9t'!J8 -> 11 | D38: ='9s'!J8 -> 32 | E38: =SUM(C38:D38) -> 43 | F38: =IF(E38>=80,"A+", IF(E38>=70,"A", IF(E38>=60,"A-", IF(E38>=50,"B", IF(E38>=40,"C", IF(E38>=33,"D","F")))))) -> C | G38: =IF(E38>=80,5, IF(E38>=70,4, IF(E38>=60,3.5, IF(E38>=50,3, IF(E38>=40,2, IF(E38>=33,1,0)))))) -> 2
B39: B.G.S | C39: ='9t'!K8 -> 16 | D39: ='9s'!K8 -> 45 | E39: =SUM(C39:D39) -> 61 | F39: =IF(E39>=80,"A+", IF(E39>=70,"A", IF(E39>=60,"A-", IF(E39>=50,"B", IF(E39>=40,"C", IF(E39>=33,"D","F")))))) -> A- | G39: =IF(E39>=80,5, IF(E39>=70,4, IF(E39>=60,3.5, IF(E39>=50,3, IF(E39>=40,2, IF(E39>=33,1,0)))))) -> 3.5
B40: Agri. | C40: ='9t'!L8 -> 29 | D40: ='9s'!L8 -> 60 | E40: =SUM(C40:D40) -> 89 | F40: =IF(E40>=80,"A+", IF(E40>=70,"A", IF(E40>=60,"A-", IF(E40>=50,"B", IF(E40>=40,"C", IF(E40>=33,"D","F")))))) -> A+ | G40: =IF(E40>=80,5, IF(E40>=70,4, IF(E40>=60,3.5, IF(E40>=50,3, IF(E40>=40,2, IF(E40>=33,1,0)))))) -> 5
B41: Religion | C41: ='9t'!M8 -> 26 | D41: ='9s'!M8 -> 58 | E41: =SUM(C41:D41) -> 84 | F41: =IF(E41>=80,"A+", IF(E41>=70,"A", IF(E41>=60,"A-", IF(E41>=50,"B", IF(E41>=40,"C", IF(E41>=33,"D","F")))))) -> A+ | G41: =IF(E41>=80,5, IF(E41>=70,4, IF(E41>=60,3.5, IF(E41>=50,3, IF(E41>=40,2, IF(E41>=33,1,0)))))) -> 5
B42: ICT | C42: ='9t'!N8 -> 15 | D42: ='9s'!N8 -> 15 | E42: =SUM(C42:D42) -> 30 | F42: =IF(E42>=40,"A+", IF(E42>=35,"A", IF(E42>=30,"A-", IF(E42>=25,"B", IF(E42>=20,"C", IF(E42>=16,"D","F")))))) -> A- | G42: =IF(E42>=40,5, IF(E42>=35,4, IF(E42>=30,3.5, IF(E42>=25,3, IF(E42>=20,2, IF(E42>=16,1,0)))))) -> 3.5
A43: SN | B43: Student’s Name | C43: ='9s'!B9 -> NUPUR AKTER
A44: 4 | B44: Subject’s Name | C44: 3rd Tutorial Exam (30) | D44: 3rd Semester Exam (70) | E44: Total Marks | F44: Grade Letter | G44: Grade Point | H44: G.P.A
B45: Bangla-1 | C45: ='9t'!C9 -> 20 | D45: ='9s'!C9 -> 34 | E45: =SUM(C45:D45) -> 54 | F45: =IF(E45>=80,"A+", IF(E45>=70,"A", IF(E45>=60,"A-", IF(E45>=50,"B", IF(E45>=40,"C", IF(E45>=33,"D","F")))))) -> B | G45: =IF(E45>=80,5, IF(E45>=70,4, IF(E45>=60,3.5, IF(E45>=50,3, IF(E45>=40,2, IF(E45>=33,1,0)))))) -> 3 | H45: =AVERAGE( VALUE(G45), VALUE(G46), VALUE(G47), VALUE(G48), VALUE(G49), VALUE(G50), VALUE(G51), VALUE(G52), VALUE(G53), VALUE(G54), VALUE(G55), VALUE(G56)) -> 1.3333333
B46: Bangla-2 | C46: ='9t'!D9 | D46: ='9s'!D9 -> 22 | E46: =SUM(C46:D46) -> 22 | F46: =IF(E46>=40,"A+", IF(E46>=35,"A", IF(E46>=30,"A-", IF(E46>=25,"B", IF(E46>=20,"C", IF(E46>=16,"D","F")))))) -> C | G46: =IF(E46>=40,5, IF(E46>=35,4, IF(E46>=30,3.5, IF(E46>=25,3, IF(E46>=20,2, IF(E46>=16,1,0)))))) -> 2
B47: English-1 | C47: ='9t'!E9 -> 14 | D47: ='9s'!E9 -> 25 | E47: =SUM(C47:D47) -> 39 | F47: =IF(E47>=80,"A+", IF(E47>=70,"A", IF(E47>=60,"A-", IF(E47>=50,"B", IF(E47>=40,"C", IF(E47>=33,"D","F")))))) -> D | G47: =IF(E47>=80,5, IF(E47>=70,4, IF(E47>=60,3.5, IF(E47>=50,3, IF(E47>=40,2, IF(E47>=33,1,0)))))) -> 1
B48: English-2 | C48: ='9t'!F9 | D48: ='9s'!F9 -> 17 | E48: =SUM(C48:D48) -> 17 | F48: =IF(E48>=40,"A+", IF(E48>=35,"A", IF(E48>=30,"A-", IF(E48>=25,"B", IF(E48>=20,"C", IF(E48>=16,"D","F")))))) -> D | G48: =IF(E48>=40,5, IF(E48>=35,4, IF(E48>=30,3.5, IF(E48>=25,3, IF(E48>=20,2, IF(E48>=16,1,0)))))) -> 1
B49: Mathematics | C49: ='9t'!G9 -> 9 | D49: ='9s'!G9 -> 24 | E49: =SUM(C49:D49) -> 33 | F49: =IF(E49>=80,"A+", IF(E49>=70,"A", IF(E49>=60,"A-", IF(E49>=50,"B", IF(E49>=40,"C", IF(E49>=33,"D","F")))))) -> D | G49: =IF(E49>=80,5, IF(E49>=70,4, IF(E49>=60,3.5, IF(E49>=50,3, IF(E49>=40,2, IF(E49>=33,1,0)))))) -> 1
B50: Physics | C50: ='9t'!H9 -> 10 | D50: ='9s'!H9 -> 24 | E50: =SUM(C50:D50) -> 34 | F50: =IF(E50>=80,"A+", IF(E50>=70,"A", IF(E50>=60,"A-", IF(E50>=50,"B", IF(E50>=40,"C", IF(E50>=33,"D","F")))))) -> D | G50: =IF(E50>=80,5, IF(E50>=70,4, IF(E50>=60,3.5, IF(E50>=50,3, IF(E50>=40,2, IF(E50>=33,1,0)))))) -> 1
B51: Biology | C51: ='9t'!I9 -> 10 | D51: ='9s'!I9 -> 24 | E51: =SUM(C51:D51) -> 34 | F51: =IF(E51>=80,"A+", IF(E51>=70,"A", IF(E51>=60,"A-", IF(E51>=50,"B", IF(E51>=40,"C", IF(E51>=33,"D","F")))))) -> D | G51: =IF(E51>=80,5, IF(E51>=70,4, IF(E51>=60,3.5, IF(E51>=50,3, IF(E51>=40,2, IF(E51>=33,1,0)))))) -> 1
B52: Chemistry | C52: ='9t'!J9 -> 10 | D52: ='9s'!J9 -> 12 | E52: =SUM(C52:D52) -> 22 | F52: =IF(E52>=80,"A+", IF(E52>=70,"A", IF(E52>=60,"A-", IF(E52>=50,"B", IF(E52>=40,"C", IF(E52>=33,"D","F")))))) -> F | G52: =IF(E52>=80,5, IF(E52>=70,4, IF(E52>=60,3.5, IF(E52>=50,3, IF(E52>=40,2, IF(E52>=33,1,0)))))) -> 0
B53: B.G.S | C53: ='9t'!K9 -> 10 | D53: ='9s'!K9 -> 24 | E53: =SUM(C53:D53) -> 34 | F53: =IF(E53>=80,"A+", IF(E53>=70,"A", IF(E53>=60,"A-", IF(E53>=50,"B", IF(E53>=40,"C", IF(E53>=33,"D","F")))))) -> D | G53: =IF(E53>=80,5, IF(E53>=70,4, IF(E53>=60,3.5, IF(E53>=50,3, IF(E53>=40,2, IF(E53>=33,1,0)))))) -> 1
B54: Agri. | C54: ='9t'!L9 -> 11 | D54: ='9s'!L9 -> 24 | E54: =SUM(C54:D54) -> 35 | F54: =IF(E54>=80,"A+", IF(E54>=70,"A", IF(E54>=60,"A-", IF(E54>=50,"B", IF(E54>=40,"C", IF(E54>=33,"D","F")))))) -> D | G54: =IF(E54>=80,5, IF(E54>=70,4, IF(E54>=60,3.5, IF(E54>=50,3, IF(E54>=40,2, IF(E54>=33,1,0)))))) -> 1
B55: Religion | C55: ='9t'!M9 -> 12 | D55: ='9s'!M9 -> 24 | E55: =SUM(C55:D55) -> 36 | F55: =IF(E55>=80,"A+", IF(E55>=70,"A", IF(E55>=60,"A-", IF(E55>=50,"B", IF(E55>=40,"C", IF(E55>=33,"D","F")))))) -> D | G55: =IF(E55>=80,5, IF(E55>=70,4, IF(E55>=60,3.5, IF(E55>=50,3, IF(E55>=40,2, IF(E55>=33,1,0)))))) -> 1
B56: ICT | C56: ='9t'!N9 -> 13 | D56: ='9s'!N9 -> 13 | E56: =SUM(C56:D56) -> 26 | F56: =IF(E56>=40,"A+", IF(E56>=35,"A", IF(E56>=30,"A-", IF(E56>=25,"B", IF(E56>=20,"C", IF(E56>=16,"D","F")))))) -> B | G56: =IF(E56>=40,5, IF(E56>=35,4, IF(E56>=30,3.5, IF(E56>=25,3, IF(E56>=20,2, IF(E56>=16,1,0)))))) -> 3

Sheet 9r
A1: Hemayetpur Laboratory School and College
A2: Annual Examination Results-2025
A3: Class: Nine
A4: SN | B4: Student’s Name | C4: Rank
C5: G.P.A | D5: Rank
A6: 1 | B6: MONIKA SHIL | C6: ='9'!H3 -> 3.9166667 | D6: =RANK(C6,$C$6:$C$9) -> 1
A7: 2 | B7: OISHI AKTER | C7: ='9'!H17 -> 2.9166667 | D7: =RANK(C7,$C$6:$C$9) -> 3
A8: 3 | B8: JAMELA AKTER | C8: ='9'!H31 -> 3.2083333 | D8: =RANK(C8,$C$6:$C$9) -> 2
A9: 4 | B9: NUPUR AKTER | C9: ='9'!H45 -> 1.3333333 | D9: =RANK(C9,$C$6:$C$9) -> 4
